[00000001][00000525][INFO][none] Boot framework init
[00000002][00000525][INFO][none] State transition: INIT -> LOAD_CTRL
[00000003][00000525][INFO][none] State transition: LOAD_CTRL -> USB_WAIT
[00000004][00000635][WARN][fs_mount] USB scan failed
[00000005][00000635][INFO][none] State transition: USB_WAIT -> ARBITRATE
[00000006][00000635][ERROR][no_bootable_image] Enter recovery mode
[00000007][00000635][INFO][none] Recovery retry delay: 1000 ms
[00000008][00425562][INFO][none] Recovery media detected
[00000009][00425577][INFO][none] State transition: RECOVERY -> MANIFEST_PARSE
[00000010][00425587][WARN][manifest_parse] Manifest not ready
[00000011][00425595][INFO][none] State transition: MANIFEST_PARSE -> ARBITRATE
[00000012][00425603][ERROR][no_bootable_image] Enter recovery mode
[00000013][00425611][INFO][none] Recovery retry delay: 2000 ms
[00000014][00427606][INFO][none] Recovery media detected
[00000015][00427613][INFO][none] State transition: RECOVERY -> MANIFEST_PARSE
[00000016][00427623][WARN][manifest_parse] Manifest not ready
[00000017][00427632][INFO][none] State transition: MANIFEST_PARSE -> ARBITRATE
[00000018][00427640][ERROR][no_bootable_image] Enter recovery mode
[00000019][00427648][INFO][none] Recovery retry delay: 2000 ms
[00000020][00429643][INFO][none] Recovery media detected
[00000021][00429650][INFO][none] State transition: RECOVERY -> MANIFEST_PARSE
[00000022][00429660][WARN][manifest_parse] Manifest not ready
[00000023][00429668][INFO][none] State transition: MANIFEST_PARSE -> ARBITRATE
[00000024][00429677][ERROR][no_bootable_image] Enter recovery mode
[00000025][00429685][INFO][none] Recovery retry delay: 2000 ms
[00000026][00431680][INFO][none] Recovery media detected
[00000027][00431687][INFO][none] State transition: RECOVERY -> MANIFEST_PARSE
[00000028][00431697][WARN][manifest_parse] Manifest not ready
[00000029][00431705][INFO][none] State transition: MANIFEST_PARSE -> ARBITRATE
[00000030][00431713][ERROR][no_bootable_image] Enter recovery mode
[00000031][00431721][INFO][none] Recovery retry delay: 2000 ms
[00000001][00000525][INFO][none] Boot framework init
[00000002][00000525][INFO][none] State transition: INIT -> LOAD_CTRL
[00000003][00000525][INFO][none] State transition: LOAD_CTRL -> USB_WAIT
[00000004][00000637][INFO][none] Upgrade media detected
[00000005][00000644][INFO][none] State transition: USB_WAIT -> MANIFEST_PARSE
[00000006][00000654][WARN][manifest_parse] Manifest not ready
[00000007][00000662][INFO][none] State transition: MANIFEST_PARSE -> ARBITRATE
[00000008][00000673][ERROR][no_bootable_image] Enter recovery mode
[00000009][00000681][INFO][none] Recovery retry delay: 1000 ms
[00000010][00001676][INFO][none] Recovery media detected
[00000011][00001683][INFO][none] State transition: RECOVERY -> MANIFEST_PARSE
[00000012][00001693][WARN][manifest_parse] Manifest not ready
[00000013][00001701][INFO][none] State transition: MANIFEST_PARSE -> ARBITRATE
[00000014][00001709][ERROR][no_bootable_image] Enter recovery mode
[00000015][00001717][INFO][none] Recovery retry delay: 2000 ms
[00000016][00003712][INFO][none] Recovery media detected
[00000017][00003719][INFO][none] State transition: RECOVERY -> MANIFEST_PARSE
[00000018][00003729][WARN][manifest_parse] Manifest not ready
[00000019][00003737][INFO][none] State transition: MANIFEST_PARSE -> ARBITRATE
[00000020][00003745][ERROR][no_bootable_image] Enter recovery mode
[00000021][00003753][INFO][none] Recovery retry delay: 2000 ms
[00000022][00005748][INFO][none] Recovery media detected
[00000023][00005756][INFO][none] State transition: RECOVERY -> MANIFEST_PARSE
[00000024][00005766][WARN][manifest_parse] Manifest not ready
[00000025][00005774][INFO][none] State transition: MANIFEST_PARSE -> ARBITRATE
[00000026][00005782][ERROR][no_bootable_image] Enter recovery mode
[00000027][00005790][INFO][none] Recovery retry delay: 2000 ms
[00000028][00007785][INFO][none] Recovery media detected
[00000029][00007792][INFO][none] State transition: RECOVERY -> MANIFEST_PARSE
[00000030][00007802][WARN][manifest_parse] Manifest not ready
[00000031][00007814][INFO][none] State transition: MANIFEST_PARSE -> ARBITRATE
[00000032][00007826][ERROR][no_bootable_image] Enter recovery mode
[00000033][00007836][INFO][none] Recovery retry delay: 2000 ms
[00000034][00009829][INFO][none] Recovery media detected
[00000035][00009838][INFO][none] State transition: RECOVERY -> MANIFEST_PARSE
[00000036][00009849][WARN][manifest_parse] Manifest not ready
[00000037][00009859][INFO][none] State transition: MANIFEST_PARSE -> ARBITRATE
[00000038][00009869][ERROR][no_bootable_image] Enter recovery mode
[00000039][00009879][INFO][none] Recovery retry delay: 2000 ms
[00000040][00011872][INFO][none] Recovery media detected
[00000041][00011881][INFO][none] State transition: RECOVERY -> MANIFEST_PARSE
[00000042][00011892][WARN][manifest_parse] Manifest not ready
[00000043][00011902][INFO][none] State transition: MANIFEST_PARSE -> ARBITRATE
[00000044][00011912][ERROR][no_bootable_image] Enter recovery mode
[00000045][00011923][INFO][none] Recovery retry delay: 2000 ms
[00000046][00013915][INFO][none] Recovery media detected
[00000047][00013924][INFO][none] State transition: RECOVERY -> MANIFEST_PARSE
[00000048][00013935][WARN][manifest_parse] Manifest not ready
[00000049][00013945][INFO][none] State transition: MANIFEST_PARSE -> ARBITRATE
[00000050][00013955][ERROR][no_bootable_image] Enter recovery mode
[00000051][00013965][INFO][none] Recovery retry delay: 2000 ms
[00000052][00015958][INFO][none] Recovery media detected
[00000053][00015967][INFO][none] State transition: RECOVERY -> MANIFEST_PARSE
[00000054][00015979][WARN][manifest_parse] Manifest not ready
[00000055][00015989][INFO][none] State transition: MANIFEST_PARSE -> ARBITRATE
[00000056][00015999][ERROR][no_bootable_image] Enter recovery mode
[00000057][00016008][INFO][none] Recovery retry delay: 2000 ms
[00000058][00018002][INFO][none] Recovery media detected
[00000059][00018011][INFO][none] State transition: RECOVERY -> MANIFEST_PARSE
[00000060][00018023][WARN][manifest_parse] Manifest not ready
[00000061][00018033][INFO][none] State transition: MANIFEST_PARSE -> ARBITRATE
[00000062][00018043][ERROR][no_bootable_image] Enter recovery mode
[00000063][00018052][INFO][none] Recovery retry delay: 2000 ms
[00000064][00020046][INFO][none] Recovery media detected
[00000065][00020055][INFO][none] State transition: RECOVERY -> MANIFEST_PARSE
[00000066][00020066][WARN][manifest_parse] Manifest not ready
[00000067][00020076][INFO][none] State transition: MANIFEST_PARSE -> ARBITRATE
[00000068][00020087][ERROR][no_bootable_image] Enter recovery mode
[00000069][00020096][INFO][none] Recovery retry delay: 2000 ms
[00000001][00000525][INFO][none] Boot framework init
[00000002][00000525][INFO][none] State transition: INIT -> LOAD_CTRL
[00000003][00000525][INFO][none] State transition: LOAD_CTRL -> USB_WAIT
[00000004][00000637][INFO][none] Upgrade media detected
[00000005][00000645][INFO][none] State transition: USB_WAIT -> MANIFEST_PARSE
[00000006][00000658][WARN][manifest_parse] Manifest not ready
[00000007][00000667][INFO][none] State transition: MANIFEST_PARSE -> ARBITRATE
[00000008][00000677][ERROR][no_bootable_image] Enter recovery mode
[00000009][00000687][INFO][none] Recovery retry delay: 1000 ms
[00000010][00001680][INFO][none] Recovery media detected
[00000011][00001689][INFO][none] State transition: RECOVERY -> MANIFEST_PARSE
[00000012][00001700][WARN][manifest_parse] Manifest not ready
[00000013][00001710][INFO][none] State transition: MANIFEST_PARSE -> ARBITRATE
[00000014][00001721][ERROR][no_bootable_image] Enter recovery mode
[00000015][00001730][INFO][none] Recovery retry delay: 2000 ms
[00000016][00003724][INFO][none] Recovery media detected
[00000017][00003733][INFO][none] State transition: RECOVERY -> MANIFEST_PARSE
[00000018][00003744][WARN][manifest_parse] Manifest not ready
[00000019][00003754][INFO][none] State transition: MANIFEST_PARSE -> ARBITRATE
[00000020][00003763][ERROR][no_bootable_image] Enter recovery mode
[00000021][00003776][INFO][none] Recovery retry delay: 2000 ms
[00000022][00005766][INFO][none] Recovery media detected
[00000023][00005775][INFO][none] State transition: RECOVERY -> MANIFEST_PARSE
[00000024][00005786][WARN][manifest_parse] Manifest not ready
[00000025][00005796][INFO][none] State transition: MANIFEST_PARSE -> ARBITRATE
[00000026][00005806][ERROR][no_bootable_image] Enter recovery mode
[00000027][00005815][INFO][none] Recovery retry delay: 2000 ms
[00000028][00007809][INFO][none] Recovery media detected
[00000029][00007818][INFO][none] State transition: RECOVERY -> MANIFEST_PARSE
[00000030][00007830][WARN][manifest_parse] Manifest not ready
[00000031][00007840][INFO][none] State transition: MANIFEST_PARSE -> ARBITRATE
[00000032][00007850][ERROR][no_bootable_image] Enter recovery mode
[00000033][00007859][INFO][none] Recovery retry delay: 2000 ms
[00000034][00009853][INFO][none] Recovery media detected
[00000035][00009862][INFO][none] State transition: RECOVERY -> MANIFEST_PARSE
[00000036][00009874][WARN][manifest_parse] Manifest not ready
[00000037][00009884][INFO][none] State transition: MANIFEST_PARSE -> ARBITRATE
[00000038][00009894][ERROR][no_bootable_image] Enter recovery mode
[00000039][00009903][INFO][none] Recovery retry delay: 2000 ms
[00000040][00011897][INFO][none] Recovery media detected
[00000041][00011906][INFO][none] State transition: RECOVERY -> MANIFEST_PARSE
[00000042][00011917][WARN][manifest_parse] Manifest not ready
[00000043][00011927][INFO][none] State transition: MANIFEST_PARSE -> ARBITRATE
[00000044][00011938][ERROR][no_bootable_image] Enter recovery mode
[00000045][00011948][INFO][none] Recovery retry delay: 2000 ms
[00000046][00013941][INFO][none] Recovery media detected
[00000047][00013950][INFO][none] State transition: RECOVERY -> MANIFEST_PARSE
[00000048][00013961][WARN][manifest_parse] Manifest not ready
[00000049][00013971][INFO][none] State transition: MANIFEST_PARSE -> ARBITRATE
[00000050][00013981][ERROR][no_bootable_image] Enter recovery mode
[00000051][00013991][INFO][none] Recovery retry delay: 2000 ms
[00000052][00015984][INFO][none] Recovery media detected
[00000053][00015993][INFO][none] State transition: RECOVERY -> MANIFEST_PARSE
[00000054][00016004][WARN][manifest_parse] Manifest not ready
[00000055][00016014][INFO][none] State transition: MANIFEST_PARSE -> ARBITRATE
[00000056][00016024][ERROR][no_bootable_image] Enter recovery mode
[00000057][00016034][INFO][none] Recovery retry delay: 2000 ms
[00000058][00018027][INFO][none] Recovery media detected
[00000059][00018036][INFO][none] State transition: RECOVERY -> MANIFEST_PARSE
[00000060][00018048][WARN][manifest_parse] Manifest not ready
[00000061][00018058][INFO][none] State transition: MANIFEST_PARSE -> ARBITRATE
[00000062][00018068][ERROR][no_bootable_image] Enter recovery mode
[00000063][00018078][INFO][none] Recovery retry delay: 2000 ms
[00000064][00020071][INFO][none] Recovery media detected
[00000065][00020080][INFO][none] State transition: RECOVERY -> MANIFEST_PARSE
[00000066][00020092][WARN][manifest_parse] Manifest not ready
[00000067][00020102][INFO][none] State transition: MANIFEST_PARSE -> ARBITRATE
[00000068][00020112][ERROR][no_bootable_image] Enter recovery mode
[00000069][00020121][INFO][none] Recovery retry delay: 2000 ms
[00000070][00022115][INFO][none] Recovery media detected
[00000071][00022124][INFO][none] State transition: RECOVERY -> MANIFEST_PARSE
[00000072][00022136][WARN][manifest_parse] Manifest not ready
[00000073][00022145][INFO][none] State transition: MANIFEST_PARSE -> ARBITRATE
[00000074][00022156][ERROR][no_bootable_image] Enter recovery mode
[00000075][00022166][INFO][none] Recovery retry delay: 2000 ms
[00000076][00024159][INFO][none] Recovery media detected
[00000077][00024168][INFO][none] State transition: RECOVERY -> MANIFEST_PARSE
[00000078][00024179][WARN][manifest_parse] Manifest not ready
[00000079][00024189][INFO][none] State transition: MANIFEST_PARSE -> ARBITRATE
[00000080][00024199][ERROR][no_bootable_image] Enter recovery mode
[00000081][00024211][INFO][none] Recovery retry delay: 2000 ms
[00000082][00026202][INFO][none] Recovery media detected
[00000083][00026211][INFO][none] State transition: RECOVERY -> MANIFEST_PARSE
[00000084][00026222][WARN][manifest_parse] Manifest not ready
[00000085][00026232][INFO][none] State transition: MANIFEST_PARSE -> ARBITRATE
[00000086][00026242][ERROR][no_bootable_image] Enter recovery mode
[00000087][00026252][INFO][none] Recovery retry delay: 2000 ms
[00000088][00028245][INFO][none] Recovery media detected
[00000089][00028253][INFO][none] State transition: RECOVERY -> MANIFEST_PARSE
[00000090][00028265][WARN][manifest_parse] Manifest not ready
[00000091][00028274][INFO][none] State transition: MANIFEST_PARSE -> ARBITRATE
[00000092][00028284][ERROR][no_bootable_image] Enter recovery mode
[00000093][00028294][INFO][none] Recovery retry delay: 2000 ms
[00000094][00030287][INFO][none] Recovery media detected
[00000095][00030296][INFO][none] State transition: RECOVERY -> MANIFEST_PARSE
[00000096][00030308][WARN][manifest_parse] Manifest not ready
[00000097][00030318][INFO][none] State transition: MANIFEST_PARSE -> ARBITRATE
[00000098][00030328][ERROR][no_bootable_image] Enter recovery mode
[00000099][00030338][INFO][none] Recovery retry delay: 2000 ms
[00000100][00032331][INFO][none] Recovery media detected
[00000101][00032340][INFO][none] State transition: RECOVERY -> MANIFEST_PARSE
[00000102][00032352][WARN][manifest_parse] Manifest not ready
[00000103][00032361][INFO][none] State transition: MANIFEST_PARSE -> ARBITRATE
[00000104][00032370][ERROR][no_bootable_image] Enter recovery mode
[00000105][00032380][INFO][none] Recovery retry delay: 2000 ms
[00000106][00034373][INFO][none] Recovery media detected
[00000107][00034382][INFO][none] State transition: RECOVERY -> MANIFEST_PARSE
[00000108][00034394][WARN][manifest_parse] Manifest not ready
[00000109][00034403][INFO][none] State transition: MANIFEST_PARSE -> ARBITRATE
[00000110][00034413][ERROR][no_bootable_image] Enter recovery mode
[00000111][00034424][INFO][none] Recovery retry delay: 2000 ms
[00000112][00036416][INFO][none] Recovery media detected
[00000113][00036425][INFO][none] State transition: RECOVERY -> MANIFEST_PARSE
[00000114][00036437][WARN][manifest_parse] Manifest not ready
[00000115][00036446][INFO][none] State transition: MANIFEST_PARSE -> ARBITRATE
[00000116][00036456][ERROR][no_bootable_image] Enter recovery mode
[00000117][00036466][INFO][none] Recovery retry delay: 2000 ms
[00000118][00038459][INFO][none] Recovery media detected
[00000119][00038468][INFO][none] State transition: RECOVERY -> MANIFEST_PARSE
[00000120][00038480][WARN][manifest_parse] Manifest not ready
[00000121][00038489][INFO][none] State transition: MANIFEST_PARSE -> ARBITRATE
[00000122][00038499][ERROR][no_bootable_image] Enter recovery mode
[00000123][00038509][INFO][none] Recovery retry delay: 2000 ms
[00000124][00040502][INFO][none] Recovery media detected
[00000125][00040511][INFO][none] State transition: RECOVERY -> MANIFEST_PARSE
[00000126][00040523][WARN][manifest_parse] Manifest not ready
[00000127][00040533][INFO][none] State transition: MANIFEST_PARSE -> ARBITRATE
[00000128][00040543][ERROR][no_bootable_image] Enter recovery mode
[00000129][00040553][INFO][none] Recovery retry delay: 2000 ms
[00000130][00042546][INFO][none] Recovery media detected
[00000131][00042555][INFO][none] State transition: RECOVERY -> MANIFEST_PARSE
[00000132][00042567][WARN][manifest_parse] Manifest not ready
[00000133][00042577][INFO][none] State transition: MANIFEST_PARSE -> ARBITRATE
[00000134][00042587][ERROR][no_bootable_image] Enter recovery mode
[00000135][00042597][INFO][none] Recovery retry delay: 2000 ms
[00000136][00044590][INFO][none] Recovery media detected
[00000137][00044599][INFO][none] State transition: RECOVERY -> MANIFEST_PARSE
[00000138][00044610][WARN][manifest_parse] Manifest not ready
[00000139][00044620][INFO][none] State transition: MANIFEST_PARSE -> ARBITRATE
[00000140][00044630][ERROR][no_bootable_image] Enter recovery mode
[00000141][00044642][INFO][none] Recovery retry delay: 2000 ms
[00000001][00000525][INFO][none] Boot framework init
[00000002][00000525][INFO][none] State transition: INIT -> LOAD_CTRL
[00000003][00000525][INFO][none] State transition: LOAD_CTRL -> USB_WAIT
[00000004][00000635][INFO][none] Upgrade media detected
[00000005][00000643][INFO][none] State transition: USB_WAIT -> MANIFEST_PARSE
[00000006][00000654][WARN][manifest_parse] Manifest not ready
[00000007][00000665][INFO][none] State transition: MANIFEST_PARSE -> ARBITRATE
[00000008][00000674][ERROR][no_bootable_image] Enter recovery mode
[00000009][00000684][INFO][none] Recovery retry delay: 1000 ms
[00000010][00001675][INFO][none] Recovery media detected
[00000011][00001684][INFO][none] State transition: RECOVERY -> MANIFEST_PARSE
[00000012][00001695][WARN][manifest_parse] Manifest not ready
[00000013][00001705][INFO][none] State transition: MANIFEST_PARSE -> ARBITRATE
[00000014][00001715][ERROR][no_bootable_image] Enter recovery mode
[00000015][00001725][INFO][none] Recovery retry delay: 2000 ms
[00000016][00003716][INFO][none] Recovery media detected
[00000017][00003725][INFO][none] State transition: RECOVERY -> MANIFEST_PARSE
[00000018][00003736][WARN][manifest_parse] Manifest not ready
[00000019][00003746][INFO][none] State transition: MANIFEST_PARSE -> ARBITRATE
[00000020][00003756][ERROR][no_bootable_image] Enter recovery mode
[00000021][00003765][INFO][none] Recovery retry delay: 2000 ms
[00000022][00005757][INFO][none] Recovery media detected
[00000023][00005766][INFO][none] State transition: RECOVERY -> MANIFEST_PARSE
[00000024][00005777][WARN][manifest_parse] Manifest not ready
[00000025][00005787][INFO][none] State transition: MANIFEST_PARSE -> ARBITRATE
[00000026][00005797][ERROR][no_bootable_image] Enter recovery mode
[00000027][00005806][INFO][none] Recovery retry delay: 2000 ms
[00000028][00007798][INFO][none] Recovery media detected
[00000029][00007807][INFO][none] State transition: RECOVERY -> MANIFEST_PARSE
[00000030][00007819][WARN][manifest_parse] Manifest not ready
[00000031][00007828][INFO][none] State transition: MANIFEST_PARSE -> ARBITRATE
[00000032][00007838][ERROR][no_bootable_image] Enter recovery mode
[00000033][00007848][INFO][none] Recovery retry delay: 2000 ms
[00000034][00009839][INFO][none] Recovery media detected
[00000035][00009848][INFO][none] State transition: RECOVERY -> MANIFEST_PARSE
[00000036][00009859][WARN][manifest_parse] Manifest not ready
[00000037][00009869][INFO][none] State transition: MANIFEST_PARSE -> ARBITRATE
[00000038][00009879][ERROR][no_bootable_image] Enter recovery mode
[00000039][00009889][INFO][none] Recovery retry delay: 2000 ms
[00000040][00011880][INFO][none] Recovery media detected
[00000041][00011889][INFO][none] State transition: RECOVERY -> MANIFEST_PARSE
[00000042][00011900][WARN][manifest_parse] Manifest not ready
[00000043][00011910][INFO][none] State transition: MANIFEST_PARSE -> ARBITRATE
[00000044][00011920][ERROR][no_bootable_image] Enter recovery mode
[00000045][00011930][INFO][none] Recovery retry delay: 2000 ms
[00000046][00013921][INFO][none] Recovery media detected
[00000047][00013930][INFO][none] State transition: RECOVERY -> MANIFEST_PARSE
[00000048][00013941][WARN][manifest_parse] Manifest not ready
[00000049][00013951][INFO][none] State transition: MANIFEST_PARSE -> ARBITRATE
[00000050][00013960][ERROR][no_bootable_image] Enter recovery mode
[00000051][00013970][INFO][none] Recovery retry delay: 2000 ms
[00000052][00015961][INFO][none] Recovery media detected
[00000053][00015970][INFO][none] State transition: RECOVERY -> MANIFEST_PARSE
[00000054][00015981][WARN][manifest_parse] Manifest not ready
[00000055][00015991][INFO][none] State transition: MANIFEST_PARSE -> ARBITRATE
[00000056][00016000][ERROR][no_bootable_image] Enter recovery mode
[00000057][00016010][INFO][none] Recovery retry delay: 2000 ms
[00000058][00018001][INFO][none] Recovery media detected
[00000059][00018010][INFO][none] State transition: RECOVERY -> MANIFEST_PARSE
[00000060][00018024][WARN][manifest_parse] Manifest not ready
[00000061][00018035][INFO][none] State transition: MANIFEST_PARSE -> ARBITRATE
[00000062][00018045][ERROR][no_bootable_image] Enter recovery mode
[00000063][00018055][INFO][none] Recovery retry delay: 2000 ms
[00000064][00020046][INFO][none] Recovery media detected
[00000065][00020055][INFO][none] State transition: RECOVERY -> MANIFEST_PARSE
[00000066][00020066][WARN][manifest_parse] Manifest not ready
[00000067][00020076][INFO][none] State transition: MANIFEST_PARSE -> ARBITRATE
[00000068][00020086][ERROR][no_bootable_image] Enter recovery mode
[00000069][00020095][INFO][none] Recovery retry delay: 2000 ms
[00000070][00022087][INFO][none] Recovery media detected
[00000071][00022096][INFO][none] State transition: RECOVERY -> MANIFEST_PARSE
[00000072][00022107][WARN][manifest_parse] Manifest not ready
[00000073][00022117][INFO][none] State transition: MANIFEST_PARSE -> ARBITRATE
[00000074][00022127][ERROR][no_bootable_image] Enter recovery mode
[00000075][00022137][INFO][none] Recovery retry delay: 2000 ms
[00000076][00024128][INFO][none] Recovery media detected
[00000077][00024137][INFO][none] State transition: RECOVERY -> MANIFEST_PARSE
[00000078][00024148][WARN][manifest_parse] Manifest not ready
[00000079][00024158][INFO][none] State transition: MANIFEST_PARSE -> ARBITRATE
[00000080][00024167][ERROR][no_bootable_image] Enter recovery mode
[00000081][00024177][INFO][none] Recovery retry delay: 2000 ms
[00000082][00026168][INFO][none] Recovery media detected
[00000083][00026177][INFO][none] State transition: RECOVERY -> MANIFEST_PARSE
[00000084][00026188][WARN][manifest_parse] Manifest not ready
[00000085][00026198][INFO][none] State transition: MANIFEST_PARSE -> ARBITRATE
[00000086][00026207][ERROR][no_bootable_image] Enter recovery mode
[00000087][00026217][INFO][none] Recovery retry delay: 2000 ms
[00000088][00028208][INFO][none] Recovery media detected
[00000089][00028217][INFO][none] State transition: RECOVERY -> MANIFEST_PARSE
[00000090][00028229][WARN][manifest_parse] Manifest not ready
[00000091][00028238][INFO][none] State transition: MANIFEST_PARSE -> ARBITRATE
[00000092][00028248][ERROR][no_bootable_image] Enter recovery mode
[00000093][00028258][INFO][none] Recovery retry delay: 2000 ms
[00000094][00030249][INFO][none] Recovery media detected
[00000095][00030258][INFO][none] State transition: RECOVERY -> MANIFEST_PARSE
[00000096][00030269][WARN][manifest_parse] Manifest not ready
[00000097][00030280][INFO][none] State transition: MANIFEST_PARSE -> ARBITRATE
[00000098][00030289][ERROR][no_bootable_image] Enter recovery mode
[00000099][00030299][INFO][none] Recovery retry delay: 2000 ms
[00000100][00032290][INFO][none] Recovery media detected
[00000101][00032299][INFO][none] State transition: RECOVERY -> MANIFEST_PARSE
[00000102][00032310][WARN][manifest_parse] Manifest not ready
[00000103][00032320][INFO][none] State transition: MANIFEST_PARSE -> ARBITRATE
[00000104][00032330][ERROR][no_bootable_image] Enter recovery mode
[00000105][00032340][INFO][none] Recovery retry delay: 2000 ms
[00000106][00034331][INFO][none] Recovery media detected
[00000107][00034340][INFO][none] State transition: RECOVERY -> MANIFEST_PARSE
[00000108][00034351][WARN][manifest_parse] Manifest not ready
[00000109][00034361][INFO][none] State transition: MANIFEST_PARSE -> ARBITRATE
[00000110][00034371][ERROR][no_bootable_image] Enter recovery mode
[00000111][00034380][INFO][none] Recovery retry delay: 2000 ms
[00000112][00036372][INFO][none] Recovery media detected
[00000113][00036381][INFO][none] State transition: RECOVERY -> MANIFEST_PARSE
[00000114][00036392][WARN][manifest_parse] Manifest not ready
[00000115][00036401][INFO][none] State transition: MANIFEST_PARSE -> ARBITRATE
[00000116][00036411][ERROR][no_bootable_image] Enter recovery mode
[00000117][00036421][INFO][none] Recovery retry delay: 2000 ms
[00000118][00038412][INFO][none] Recovery media detected
[00000119][00038424][INFO][none] State transition: RECOVERY -> MANIFEST_PARSE
[00000120][00038437][WARN][manifest_parse] Manifest not ready
[00000121][00038446][INFO][none] State transition: MANIFEST_PARSE -> ARBITRATE
[00000122][00038456][ERROR][no_bootable_image] Enter recovery mode
[00000123][00038465][INFO][none] Recovery retry delay: 2000 ms
[00000124][00040457][INFO][none] Recovery media detected
[00000125][00040466][INFO][none] State transition: RECOVERY -> MANIFEST_PARSE
[00000126][00040477][WARN][manifest_parse] Manifest not ready
[00000127][00040487][INFO][none] State transition: MANIFEST_PARSE -> ARBITRATE
[00000128][00040497][ERROR][no_bootable_image] Enter recovery mode
[00000129][00040506][INFO][none] Recovery retry delay: 2000 ms
[00000130][00042498][INFO][none] Recovery media detected
[00000131][00042507][INFO][none] State transition: RECOVERY -> MANIFEST_PARSE
[00000132][00042518][WARN][manifest_parse] Manifest not ready
[00000133][00042528][INFO][none] State transition: MANIFEST_PARSE -> ARBITRATE
[00000134][00042538][ERROR][no_bootable_image] Enter recovery mode
[00000135][00042548][INFO][none] Recovery retry delay: 2000 ms
[00000136][00044539][INFO][none] Recovery media detected
[00000137][00044548][INFO][none] State transition: RECOVERY -> MANIFEST_PARSE
[00000138][00044559][WARN][manifest_parse] Manifest not ready
[00000139][00044569][INFO][none] State transition: MANIFEST_PARSE -> ARBITRATE
[00000140][00044578][ERROR][no_bootable_image] Enter recovery mode
[00000141][00044589][INFO][none] Recovery retry delay: 2000 ms
[00000142][00046579][INFO][none] Recovery media detected
[00000143][00046588][INFO][none] State transition: RECOVERY -> MANIFEST_PARSE
[00000144][00046599][WARN][manifest_parse] Manifest not ready
[00000145][00046609][INFO][none] State transition: MANIFEST_PARSE -> ARBITRATE
[00000146][00046618][ERROR][no_bootable_image] Enter recovery mode
[00000147][00046628][INFO][none] Recovery retry delay: 2000 ms
[00000148][00048619][INFO][none] Recovery media detected
[00000149][00048628][INFO][none] State transition: RECOVERY -> MANIFEST_PARSE
[00000150][00048640][WARN][manifest_parse] Manifest not ready
[00000151][00048649][INFO][none] State transition: MANIFEST_PARSE -> ARBITRATE
[00000152][00048659][ERROR][no_bootable_image] Enter recovery mode
[00000153][00048669][INFO][none] Recovery retry delay: 2000 ms
[00000154][00050660][INFO][none] Recovery media detected
[00000155][00050669][INFO][none] State transition: RECOVERY -> MANIFEST_PARSE
[00000156][00050681][WARN][manifest_parse] Manifest not ready
[00000157][00050690][INFO][none] State transition: MANIFEST_PARSE -> ARBITRATE
[00000158][00050700][ERROR][no_bootable_image] Enter recovery mode
[00000159][00050710][INFO][none] Recovery retry delay: 2000 ms
[00000160][00052701][INFO][none] Recovery media detected
[00000161][00052710][INFO][none] State transition: RECOVERY -> MANIFEST_PARSE
[00000162][00052721][WARN][manifest_parse] Manifest not ready
[00000163][00052731][INFO][none] State transition: MANIFEST_PARSE -> ARBITRATE
[00000164][00052741][ERROR][no_bootable_image] Enter recovery mode
[00000165][00052751][INFO][none] Recovery retry delay: 2000 ms
[00000166][00054742][INFO][none] Recovery media detected
[00000167][00054751][INFO][none] State transition: RECOVERY -> MANIFEST_PARSE
[00000168][00054762][WARN][manifest_parse] Manifest not ready
[00000169][00054772][INFO][none] State transition: MANIFEST_PARSE -> ARBITRATE
[00000170][00054781][ERROR][no_bootable_image] Enter recovery mode
[00000171][00054792][INFO][none] Recovery retry delay: 2000 ms
[00000172][00056782][INFO][none] Recovery media detected
[00000173][00056791][INFO][none] State transition: RECOVERY -> MANIFEST_PARSE
[00000174][00056802][WARN][manifest_parse] Manifest not ready
[00000175][00056811][INFO][none] State transition: MANIFEST_PARSE -> ARBITRATE
[00000176][00056821][ERROR][no_bootable_image] Enter recovery mode
[00000177][00056831][INFO][none] Recovery retry delay: 2000 ms
[00000178][00058822][INFO][none] Recovery media detected
[00000179][00058834][INFO][none] State transition: RECOVERY -> MANIFEST_PARSE
[00000180][00058847][WARN][manifest_parse] Manifest not ready
[00000181][00058856][INFO][none] State transition: MANIFEST_PARSE -> ARBITRATE
[00000182][00058866][ERROR][no_bootable_image] Enter recovery mode
[00000183][00058875][INFO][none] Recovery retry delay: 2000 ms
[00000184][00060867][INFO][none] Recovery media detected
[00000185][00060876][INFO][none] State transition: RECOVERY -> MANIFEST_PARSE
[00000186][00060888][WARN][manifest_parse] Manifest not ready
[00000187][00060897][INFO][none] State transition: MANIFEST_PARSE -> ARBITRATE
[00000188][00060907][ERROR][no_bootable_image] Enter recovery mode
[00000189][00060917][INFO][none] Recovery retry delay: 2000 ms
[00000190][00062908][INFO][none] Recovery media detected
[00000191][00062917][INFO][none] State transition: RECOVERY -> MANIFEST_PARSE
[00000192][00062928][WARN][manifest_parse] Manifest not ready
[00000193][00062938][INFO][none] State transition: MANIFEST_PARSE -> ARBITRATE
[00000194][00062948][ERROR][no_bootable_image] Enter recovery mode
[00000195][00062958][INFO][none] Recovery retry delay: 2000 ms
[00000196][00064949][INFO][none] Recovery media detected
[00000197][00064958][INFO][none] State transition: RECOVERY -> MANIFEST_PARSE
[00000198][00064969][WARN][manifest_parse] Manifest not ready
[00000199][00064979][INFO][none] State transition: MANIFEST_PARSE -> ARBITRATE
[00000200][00064988][ERROR][no_bootable_image] Enter recovery mode
[00000201][00064999][INFO][none] Recovery retry delay: 2000 ms
[00000202][00066989][INFO][none] Recovery media detected
[00000203][00066998][INFO][none] State transition: RECOVERY -> MANIFEST_PARSE
[00000204][00067009][WARN][manifest_parse] Manifest not ready
[00000205][00067019][INFO][none] State transition: MANIFEST_PARSE -> ARBITRATE
[00000206][00067028][ERROR][no_bootable_image] Enter recovery mode
[00000207][00067038][INFO][none] Recovery retry delay: 2000 ms
[00000208][00069029][INFO][none] Recovery media detected
[00000209][00069038][INFO][none] State transition: RECOVERY -> MANIFEST_PARSE
[00000210][00069050][WARN][manifest_parse] Manifest not ready
[00000211][00069060][INFO][none] State transition: MANIFEST_PARSE -> ARBITRATE
[00000212][00069069][ERROR][no_bootable_image] Enter recovery mode
[00000213][00069079][INFO][none] Recovery retry delay: 2000 ms
[00000214][00071070][INFO][none] Recovery media detected
[00000215][00071079][INFO][none] State transition: RECOVERY -> MANIFEST_PARSE
[00000216][00071091][WARN][manifest_parse] Manifest not ready
[00000217][00071101][INFO][none] State transition: MANIFEST_PARSE -> ARBITRATE
[00000218][00071110][ERROR][no_bootable_image] Enter recovery mode
[00000219][00071120][INFO][none] Recovery retry delay: 2000 ms
[00000220][00073111][INFO][none] Recovery media detected
[00000221][00073120][INFO][none] State transition: RECOVERY -> MANIFEST_PARSE
[00000222][00073131][WARN][manifest_parse] Manifest not ready
[00000223][00073141][INFO][none] State transition: MANIFEST_PARSE -> ARBITRATE
[00000224][00073151][ERROR][no_bootable_image] Enter recovery mode
[00000225][00073161][INFO][none] Recovery retry delay: 2000 ms
[00000226][00075152][INFO][none] Recovery media detected
[00000227][00075161][INFO][none] State transition: RECOVERY -> MANIFEST_PARSE
[00000228][00075172][WARN][manifest_parse] Manifest not ready
[00000229][00075182][INFO][none] State transition: MANIFEST_PARSE -> ARBITRATE
[00000230][00075191][ERROR][no_bootable_image] Enter recovery mode
[00000231][00075202][INFO][none] Recovery retry delay: 2000 ms
[00000232][00077192][INFO][none] Recovery media detected
[00000233][00077201][INFO][none] State transition: RECOVERY -> MANIFEST_PARSE
[00000234][00077212][WARN][manifest_parse] Manifest not ready
[00000235][00077222][INFO][none] State transition: MANIFEST_PARSE -> ARBITRATE
[00000236][00077231][ERROR][no_bootable_image] Enter recovery mode
[00000237][00077241][INFO][none] Recovery retry delay: 2000 ms
[00000238][00079232][INFO][none] Recovery media detected
[00000239][00079241][INFO][none] State transition: RECOVERY -> MANIFEST_PARSE
[00000240][00079252][WARN][manifest_parse] Manifest not ready
[00000241][00079262][INFO][none] State transition: MANIFEST_PARSE -> ARBITRATE
[00000242][00079271][ERROR][no_bootable_image] Enter recovery mode
[00000243][00079281][INFO][none] Recovery retry delay: 2000 ms
[00000244][00081272][INFO][none] Recovery media detected
[00000245][00081281][INFO][none] State transition: RECOVERY -> MANIFEST_PARSE
[00000246][00081293][WARN][manifest_parse] Manifest not ready
[00000247][00081302][INFO][none] State transition: MANIFEST_PARSE -> ARBITRATE
[00000248][00081312][ERROR][no_bootable_image] Enter recovery mode
[00000249][00081322][INFO][none] Recovery retry delay: 2000 ms
[00000250][00083313][INFO][none] Recovery media detected
[00000251][00083322][INFO][none] State transition: RECOVERY -> MANIFEST_PARSE
[00000252][00083333][WARN][manifest_parse] Manifest not ready
[00000253][00083344][INFO][none] State transition: MANIFEST_PARSE -> ARBITRATE
[00000254][00083353][ERROR][no_bootable_image] Enter recovery mode
[00000255][00083363][INFO][none] Recovery retry delay: 2000 ms
[00000256][00085354][INFO][none] Recovery media detected
[00000257][00085363][INFO][none] State transition: RECOVERY -> MANIFEST_PARSE
[00000258][00085374][WARN][manifest_parse] Manifest not ready
[00000259][00085384][INFO][none] State transition: MANIFEST_PARSE -> ARBITRATE
[00000260][00085394][ERROR][no_bootable_image] Enter recovery mode
[00000261][00085404][INFO][none] Recovery retry delay: 2000 ms
[00000262][00087395][INFO][none] Recovery media detected
[00000263][00087404][INFO][none] State transition: RECOVERY -> MANIFEST_PARSE
[00000264][00087415][WARN][manifest_parse] Manifest not ready
[00000265][00087425][INFO][none] State transition: MANIFEST_PARSE -> ARBITRATE
[00000266][00087434][ERROR][no_bootable_image] Enter recovery mode
[00000267][00087444][INFO][none] Recovery retry delay: 2000 ms
[00000268][00089435][INFO][none] Recovery media detected
[00000269][00089444][INFO][none] State transition: RECOVERY -> MANIFEST_PARSE
[00000270][00089455][WARN][manifest_parse] Manifest not ready
[00000271][00089465][INFO][none] State transition: MANIFEST_PARSE -> ARBITRATE
[00000272][00089474][ERROR][no_bootable_image] Enter recovery mode
[00000273][00089484][INFO][none] Recovery retry delay: 2000 ms
[00000274][00091475][INFO][none] Recovery media detected
[00000275][00091484][INFO][none] State transition: RECOVERY -> MANIFEST_PARSE
[00000276][00091496][WARN][manifest_parse] Manifest not ready
[00000277][00091505][INFO][none] State transition: MANIFEST_PARSE -> ARBITRATE
[00000278][00091515][ERROR][no_bootable_image] Enter recovery mode
[00000279][00091525][INFO][none] Recovery retry delay: 2000 ms
[00000280][00093516][INFO][none] Recovery media detected
[00000281][00093525][INFO][none] State transition: RECOVERY -> MANIFEST_PARSE
[00000282][00093536][WARN][manifest_parse] Manifest not ready
[00000283][00093546][INFO][none] State transition: MANIFEST_PARSE -> ARBITRATE
[00000284][00093556][ERROR][no_bootable_image] Enter recovery mode
[00000285][00093566][INFO][none] Recovery retry delay: 2000 ms
[00000286][00095557][INFO][none] Recovery media detected
[00000287][00095566][INFO][none] State transition: RECOVERY -> MANIFEST_PARSE
[00000288][00095577][WARN][manifest_parse] Manifest not ready
[00000289][00095587][INFO][none] State transition: MANIFEST_PARSE -> ARBITRATE
[00000290][00095596][ERROR][no_bootable_image] Enter recovery mode
[00000291][00095607][INFO][none] Recovery retry delay: 2000 ms
[00000292][00097597][INFO][none] Recovery media detected
[00000293][00097606][INFO][none] State transition: RECOVERY -> MANIFEST_PARSE
[00000294][00097617][WARN][manifest_parse] Manifest not ready
[00000295][00097626][INFO][none] State transition: MANIFEST_PARSE -> ARBITRATE
[00000296][00097636][ERROR][no_bootable_image] Enter recovery mode
[00000297][00097645][INFO][none] Recovery retry delay: 2000 ms
[00000298][00099637][INFO][none] Recovery media detected
[00000299][00099646][INFO][none] State transition: RECOVERY -> MANIFEST_PARSE
[00000300][00099657][WARN][manifest_parse] Manifest not ready
[00000301][00099666][INFO][none] State transition: MANIFEST_PARSE -> ARBITRATE
[00000302][00099676][ERROR][no_bootable_image] Enter recovery mode
[00000303][00099685][INFO][none] Recovery retry delay: 2000 ms
[00000304][00101677][INFO][none] Recovery media detected
[00000305][00101686][INFO][none] State transition: RECOVERY -> MANIFEST_PARSE
[00000306][00101698][WARN][manifest_parse] Manifest not ready
[00000307][00101707][INFO][none] State transition: MANIFEST_PARSE -> ARBITRATE
[00000308][00101717][ERROR][no_bootable_image] Enter recovery mode
[00000309][00101726][INFO][none] Recovery retry delay: 2000 ms
[00000310][00103718][INFO][none] Recovery media detected
[00000311][00103727][INFO][none] State transition: RECOVERY -> MANIFEST_PARSE
[00000312][00103738][WARN][manifest_parse] Manifest not ready
[00000313][00103748][INFO][none] State transition: MANIFEST_PARSE -> ARBITRATE
[00000314][00103758][ERROR][no_bootable_image] Enter recovery mode
[00000315][00103768][INFO][none] Recovery retry delay: 2000 ms
[00000316][00105759][INFO][none] Recovery media detected
[00000317][00105768][INFO][none] State transition: RECOVERY -> MANIFEST_PARSE
[00000318][00105779][WARN][manifest_parse] Manifest not ready
[00000319][00105789][INFO][none] State transition: MANIFEST_PARSE -> ARBITRATE
[00000320][00105799][ERROR][no_bootable_image] Enter recovery mode
[00000321][00105809][INFO][none] Recovery retry delay: 2000 ms
[00000322][00107800][INFO][none] Recovery media detected
[00000323][00107809][INFO][none] State transition: RECOVERY -> MANIFEST_PARSE
[00000324][00107820][WARN][manifest_parse] Manifest not ready
[00000325][00107830][INFO][none] State transition: MANIFEST_PARSE -> ARBITRATE
[00000326][00107839][ERROR][no_bootable_image] Enter recovery mode
[00000327][00107849][INFO][none] Recovery retry delay: 2000 ms
[00000328][00109840][INFO][none] Recovery media detected
[00000329][00109849][INFO][none] State transition: RECOVERY -> MANIFEST_PARSE
[00000330][00109860][WARN][manifest_parse] Manifest not ready
[00000331][00109870][INFO][none] State transition: MANIFEST_PARSE -> ARBITRATE
[00000332][00109879][ERROR][no_bootable_image] Enter recovery mode
[00000333][00109889][INFO][none] Recovery retry delay: 2000 ms
[00000334][00111880][INFO][none] Recovery media detected
[00000335][00111889][INFO][none] State transition: RECOVERY -> MANIFEST_PARSE
[00000336][00111901][WARN][manifest_parse] Manifest not ready
[00000337][00111911][INFO][none] State transition: MANIFEST_PARSE -> ARBITRATE
[00000338][00111920][ERROR][no_bootable_image] Enter recovery mode
[00000339][00111930][INFO][none] Recovery retry delay: 2000 ms
[00000340][00113921][INFO][none] Recovery media detected
[00000341][00113930][INFO][none] State transition: RECOVERY -> MANIFEST_PARSE
[00000342][00113941][WARN][manifest_parse] Manifest not ready
[00000343][00113951][INFO][none] State transition: MANIFEST_PARSE -> ARBITRATE
[00000344][00113961][ERROR][no_bootable_image] Enter recovery mode
[00000345][00113971][INFO][none] Recovery retry delay: 2000 ms
[00000346][00115962][INFO][none] Recovery media detected
[00000347][00115971][INFO][none] State transition: RECOVERY -> MANIFEST_PARSE
[00000348][00115982][WARN][manifest_parse] Manifest not ready
[00000349][00115992][INFO][none] State transition: MANIFEST_PARSE -> ARBITRATE
[00000350][00116002][ERROR][no_bootable_image] Enter recovery mode
[00000351][00116012][INFO][none] Recovery retry delay: 2000 ms
[00000352][00118003][INFO][none] Recovery media detected
[00000353][00118012][INFO][none] State transition: RECOVERY -> MANIFEST_PARSE
[00000354][00118023][WARN][manifest_parse] Manifest not ready
[00000355][00118033][INFO][none] State transition: MANIFEST_PARSE -> ARBITRATE
[00000356][00118042][ERROR][no_bootable_image] Enter recovery mode
[00000357][00118052][INFO][none] Recovery retry delay: 2000 ms
[00000358][00120043][INFO][none] Recovery media detected
[00000359][00120052][INFO][none] State transition: RECOVERY -> MANIFEST_PARSE
[00000360][00120063][WARN][manifest_parse] Manifest not ready
[00000361][00120073][INFO][none] State transition: MANIFEST_PARSE -> ARBITRATE
[00000362][00120082][ERROR][no_bootable_image] Enter recovery mode
[00000363][00120092][INFO][none] Recovery retry delay: 2000 ms
[00000364][00122083][INFO][none] Recovery media detected
[00000365][00122092][INFO][none] State transition: RECOVERY -> MANIFEST_PARSE
[00000366][00122104][WARN][manifest_parse] Manifest not ready
[00000367][00122113][INFO][none] State transition: MANIFEST_PARSE -> ARBITRATE
[00000368][00122123][ERROR][no_bootable_image] Enter recovery mode
[00000369][00122133][INFO][none] Recovery retry delay: 2000 ms
[00000370][00124124][INFO][none] Recovery media detected
[00000371][00124133][INFO][none] State transition: RECOVERY -> MANIFEST_PARSE
[00000372][00124144][WARN][manifest_parse] Manifest not ready
[00000373][00124155][INFO][none] State transition: MANIFEST_PARSE -> ARBITRATE
[00000374][00124164][ERROR][no_bootable_image] Enter recovery mode
[00000375][00124174][INFO][none] Recovery retry delay: 2000 ms
[00000376][00126165][INFO][none] Recovery media detected
[00000377][00126174][INFO][none] State transition: RECOVERY -> MANIFEST_PARSE
[00000378][00126185][WARN][manifest_parse] Manifest not ready
[00000379][00126195][INFO][none] State transition: MANIFEST_PARSE -> ARBITRATE
[00000380][00126205][ERROR][no_bootable_image] Enter recovery mode
[00000381][00126215][INFO][none] Recovery retry delay: 2000 ms
[00000382][00128206][INFO][none] Recovery media detected
[00000383][00128215][INFO][none] State transition: RECOVERY -> MANIFEST_PARSE
[00000384][00128226][WARN][manifest_parse] Manifest not ready
[00000385][00128236][INFO][none] State transition: MANIFEST_PARSE -> ARBITRATE
[00000386][00128246][ERROR][no_bootable_image] Enter recovery mode
[00000387][00128256][INFO][none] Recovery retry delay: 2000 ms
[00000388][00130247][INFO][none] Recovery media detected
[00000389][00130256][INFO][none] State transition: RECOVERY -> MANIFEST_PARSE
[00000390][00130267][WARN][manifest_parse] Manifest not ready
[00000391][00130277][INFO][none] State transition: MANIFEST_PARSE -> ARBITRATE
[00000392][00130287][ERROR][no_bootable_image] Enter recovery mode
[00000393][00130296][INFO][none] Recovery retry delay: 2000 ms
[00000394][00132288][INFO][none] Recovery media detected
[00000395][00132297][INFO][none] State transition: RECOVERY -> MANIFEST_PARSE
[00000396][00132309][WARN][manifest_parse] Manifest not ready
[00000397][00132318][INFO][none] State transition: MANIFEST_PARSE -> ARBITRATE
[00000398][00132328][ERROR][no_bootable_image] Enter recovery mode
[00000399][00132338][INFO][none] Recovery retry delay: 2000 ms
[00000400][00134329][INFO][none] Recovery media detected
[00000401][00134338][INFO][none] State transition: RECOVERY -> MANIFEST_PARSE
[00000402][00134350][WARN][manifest_parse] Manifest not ready
[00000403][00134359][INFO][none] State transition: MANIFEST_PARSE -> ARBITRATE
[00000404][00134369][ERROR][no_bootable_image] Enter recovery mode
[00000405][00134379][INFO][none] Recovery retry delay: 2000 ms
[00000406][00136370][INFO][none] Recovery media detected
[00000407][00136379][INFO][none] State transition: RECOVERY -> MANIFEST_PARSE
[00000408][00136390][WARN][manifest_parse] Manifest not ready
[00000409][00136400][INFO][none] State transition: MANIFEST_PARSE -> ARBITRATE
[00000410][00136410][ERROR][no_bootable_image] Enter recovery mode
[00000411][00136419][INFO][none] Recovery retry delay: 2000 ms
[00000412][00138411][INFO][none] Recovery media detected
[00000413][00138420][INFO][none] State transition: RECOVERY -> MANIFEST_PARSE
[00000414][00138431][WARN][manifest_parse] Manifest not ready
[00000415][00138441][INFO][none] State transition: MANIFEST_PARSE -> ARBITRATE
[00000416][00138450][ERROR][no_bootable_image] Enter recovery mode
[00000417][00138462][INFO][none] Recovery retry delay: 2000 ms
[00000418][00140451][INFO][none] Recovery media detected
[00000419][00140460][INFO][none] State transition: RECOVERY -> MANIFEST_PARSE
[00000420][00140471][WARN][manifest_parse] Manifest not ready
[00000421][00140480][INFO][none] State transition: MANIFEST_PARSE -> ARBITRATE
[00000422][00140490][ERROR][no_bootable_image] Enter recovery mode
[00000423][00140499][INFO][none] Recovery retry delay: 2000 ms
[00000424][00142491][INFO][none] Recovery media detected
[00000425][00142500][INFO][none] State transition: RECOVERY -> MANIFEST_PARSE
[00000426][00142512][WARN][manifest_parse] Manifest not ready
[00000427][00142521][INFO][none] State transition: MANIFEST_PARSE -> ARBITRATE
[00000428][00142531][ERROR][no_bootable_image] Enter recovery mode
[00000429][00142541][INFO][none] Recovery retry delay: 2000 ms
[00000430][00144532][INFO][none] Recovery media detected
[00000431][00144541][INFO][none] State transition: RECOVERY -> MANIFEST_PARSE
[00000432][00144553][WARN][manifest_parse] Manifest not ready
[00000433][00144563][INFO][none] State transition: MANIFEST_PARSE -> ARBITRATE
[00000434][00144572][ERROR][no_bootable_image] Enter recovery mode
[00000435][00144582][INFO][none] Recovery retry delay: 2000 ms
[00000436][00146573][INFO][none] Recovery media detected
[00000437][00146582][INFO][none] State transition: RECOVERY -> MANIFEST_PARSE
[00000438][00146593][WARN][manifest_parse] Manifest not ready
[00000439][00146602][INFO][none] State transition: MANIFEST_PARSE -> ARBITRATE
[00000440][00146613][ERROR][no_bootable_image] Enter recovery mode
[00000441][00146622][INFO][none] Recovery retry delay: 2000 ms
[00000442][00148614][INFO][none] Recovery media detected
[00000443][00148623][INFO][none] State transition: RECOVERY -> MANIFEST_PARSE
[00000444][00148634][WARN][manifest_parse] Manifest not ready
[00000445][00148644][INFO][none] State transition: MANIFEST_PARSE -> ARBITRATE
[00000446][00148653][ERROR][no_bootable_image] Enter recovery mode
[00000447][00148664][INFO][none] Recovery retry delay: 2000 ms
[00000448][00150654][INFO][none] Recovery media detected
[00000449][00150663][INFO][none] State transition: RECOVERY -> MANIFEST_PARSE
[00000450][00150674][WARN][manifest_parse] Manifest not ready
[00000451][00150684][INFO][none] State transition: MANIFEST_PARSE -> ARBITRATE
[00000452][00150693][ERROR][no_bootable_image] Enter recovery mode
[00000453][00150703][INFO][none] Recovery retry delay: 2000 ms
[00000454][00152694][INFO][none] Recovery media detected
[00000455][00152703][INFO][none] State transition: RECOVERY -> MANIFEST_PARSE
[00000456][00152715][WARN][manifest_parse] Manifest not ready
[00000457][00152724][INFO][none] State transition: MANIFEST_PARSE -> ARBITRATE
[00000458][00152734][ERROR][no_bootable_image] Enter recovery mode
[00000459][00152744][INFO][none] Recovery retry delay: 2000 ms
[00000460][00154735][INFO][none] Recovery media detected
[00000461][00154744][INFO][none] State transition: RECOVERY -> MANIFEST_PARSE
[00000462][00154756][WARN][manifest_parse] Manifest not ready
[00000463][00154765][INFO][none] State transition: MANIFEST_PARSE -> ARBITRATE
[00000464][00154775][ERROR][no_bootable_image] Enter recovery mode
[00000465][00154785][INFO][none] Recovery retry delay: 2000 ms
[00000466][00156776][INFO][none] Recovery media detected
[00000467][00156785][INFO][none] State transition: RECOVERY -> MANIFEST_PARSE
[00000468][00156796][WARN][manifest_parse] Manifest not ready
[00000469][00156806][INFO][none] State transition: MANIFEST_PARSE -> ARBITRATE
[00000470][00156816][ERROR][no_bootable_image] Enter recovery mode
[00000471][00156826][INFO][none] Recovery retry delay: 2000 ms
[00000472][00158817][INFO][none] Recovery media detected
[00000473][00158826][INFO][none] State transition: RECOVERY -> MANIFEST_PARSE
[00000474][00158837][WARN][manifest_parse] Manifest not ready
[00000475][00158847][INFO][none] State transition: MANIFEST_PARSE -> ARBITRATE
[00000476][00158856][ERROR][no_bootable_image] Enter recovery mode
[00000477][00158869][INFO][none] Recovery retry delay: 2000 ms
[00000478][00160857][INFO][none] Recovery media detected
[00000479][00160866][INFO][none] State transition: RECOVERY -> MANIFEST_PARSE
[00000480][00160877][WARN][manifest_parse] Manifest not ready
[00000481][00160887][INFO][none] State transition: MANIFEST_PARSE -> ARBITRATE
[00000482][00160896][ERROR][no_bootable_image] Enter recovery mode
[00000483][00160906][INFO][none] Recovery retry delay: 2000 ms
[00000484][00162897][INFO][none] Recovery media detected
[00000485][00162906][INFO][none] State transition: RECOVERY -> MANIFEST_PARSE
[00000486][00162917][WARN][manifest_parse] Manifest not ready
[00000487][00162927][INFO][none] State transition: MANIFEST_PARSE -> ARBITRATE
[00000488][00162936][ERROR][no_bootable_image] Enter recovery mode
[00000489][00162946][INFO][none] Recovery retry delay: 2000 ms
[00000490][00164937][INFO][none] Recovery media detected
[00000491][00164946][INFO][none] State transition: RECOVERY -> MANIFEST_PARSE
[00000492][00164958][WARN][manifest_parse] Manifest not ready
[00000493][00164968][INFO][none] State transition: MANIFEST_PARSE -> ARBITRATE
[00000494][00164977][ERROR][no_bootable_image] Enter recovery mode
[00000495][00164987][INFO][none] Recovery retry delay: 2000 ms
[00000496][00166978][INFO][none] Recovery media detected
[00000497][00166987][INFO][none] State transition: RECOVERY -> MANIFEST_PARSE
[00000498][00166998][WARN][manifest_parse] Manifest not ready
[00000499][00167008][INFO][none] State transition: MANIFEST_PARSE -> ARBITRATE
[00000500][00167018][ERROR][no_bootable_image] Enter recovery mode
[00000501][00167028][INFO][none] Recovery retry delay: 2000 ms
[00000502][00169019][INFO][none] Recovery media detected
[00000503][00169028][INFO][none] State transition: RECOVERY -> MANIFEST_PARSE
[00000504][00169039][WARN][manifest_parse] Manifest not ready
[00000505][00169049][INFO][none] State transition: MANIFEST_PARSE -> ARBITRATE
[00000506][00169058][ERROR][no_bootable_image] Enter recovery mode
[00000507][00169069][INFO][none] Recovery retry delay: 2000 ms
[00000508][00171059][INFO][none] Recovery media detected
[00000509][00171068][INFO][none] State transition: RECOVERY -> MANIFEST_PARSE
[00000510][00171079][WARN][manifest_parse] Manifest not ready
[00000511][00171089][INFO][none] State transition: MANIFEST_PARSE -> ARBITRATE
[00000512][00171098][ERROR][no_bootable_image] Enter recovery mode
[00000513][00171108][INFO][none] Recovery retry delay: 2000 ms
[00000514][00173099][INFO][none] Recovery media detected
[00000515][00173108][INFO][none] State transition: RECOVERY -> MANIFEST_PARSE
[00000516][00173119][WARN][manifest_parse] Manifest not ready
[00000517][00173129][INFO][none] State transition: MANIFEST_PARSE -> ARBITRATE
[00000518][00173138][ERROR][no_bootable_image] Enter recovery mode
[00000519][00173148][INFO][none] Recovery retry delay: 2000 ms
[00000520][00175139][INFO][none] Recovery media detected
[00000521][00175148][INFO][none] State transition: RECOVERY -> MANIFEST_PARSE
[00000522][00175160][WARN][manifest_parse] Manifest not ready
[00000523][00175170][INFO][none] State transition: MANIFEST_PARSE -> ARBITRATE
[00000524][00175179][ERROR][no_bootable_image] Enter recovery mode
[00000525][00175189][INFO][none] Recovery retry delay: 2000 ms
[00000526][00177180][INFO][none] Recovery media detected
[00000527][00177189][INFO][none] State transition: RECOVERY -> MANIFEST_PARSE
[00000528][00177200][WARN][manifest_parse] Manifest not ready
[00000529][00177211][INFO][none] State transition: MANIFEST_PARSE -> ARBITRATE
[00000530][00177220][ERROR][no_bootable_image] Enter recovery mode
[00000531][00177230][INFO][none] Recovery retry delay: 2000 ms
[00000532][00179221][INFO][none] Recovery media detected
[00000533][00179230][INFO][none] State transition: RECOVERY -> MANIFEST_PARSE
[00000534][00179241][WARN][manifest_parse] Manifest not ready
[00000535][00179251][INFO][none] State transition: MANIFEST_PARSE -> ARBITRATE
[00000536][00179260][ERROR][no_bootable_image] Enter recovery mode
[00000537][00179273][INFO][none] Recovery retry delay: 2000 ms
[00000538][00181261][INFO][none] Recovery media detected
[00000539][00181270][INFO][none] State transition: RECOVERY -> MANIFEST_PARSE
[00000540][00181281][WARN][manifest_parse] Manifest not ready
[00000541][00181291][INFO][none] State transition: MANIFEST_PARSE -> ARBITRATE
[00000542][00181300][ERROR][no_bootable_image] Enter recovery mode
[00000543][00181310][INFO][none] Recovery retry delay: 2000 ms
[00000544][00183301][INFO][none] Recovery media detected
[00000545][00183310][INFO][none] State transition: RECOVERY -> MANIFEST_PARSE
[00000546][00183326][WARN][manifest_parse] Manifest not ready
[00000547][00183335][INFO][none] State transition: MANIFEST_PARSE -> ARBITRATE
[00000548][00183345][ERROR][no_bootable_image] Enter recovery mode
[00000549][00183355][INFO][none] Recovery retry delay: 2000 ms
[00000550][00185349][INFO][none] Recovery media detected
[00000551][00185357][INFO][none] State transition: RECOVERY -> MANIFEST_PARSE
[00000552][00185370][WARN][manifest_parse] Manifest not ready
[00000553][00185379][INFO][none] State transition: MANIFEST_PARSE -> ARBITRATE
[00000554][00185389][ERROR][no_bootable_image] Enter recovery mode
[00000555][00185399][INFO][none] Recovery retry delay: 2000 ms
[00000556][00187390][INFO][none] Recovery media detected
[00000557][00187399][INFO][none] State transition: RECOVERY -> MANIFEST_PARSE
[00000558][00187413][WARN][manifest_parse] Manifest not ready
[00000559][00187425][INFO][none] State transition: MANIFEST_PARSE -> ARBITRATE
[00000560][00187436][ERROR][no_bootable_image] Enter recovery mode
[00000561][00187449][INFO][none] Recovery retry delay: 2000 ms
[00000562][00189437][INFO][none] Recovery media detected
[00000563][00189446][INFO][none] State transition: RECOVERY -> MANIFEST_PARSE
[00000564][00189459][WARN][manifest_parse] Manifest not ready
[00000565][00189471][INFO][none] State transition: MANIFEST_PARSE -> ARBITRATE
[00000566][00189483][ERROR][no_bootable_image] Enter recovery mode
[00000567][00189495][INFO][none] Recovery retry delay: 2000 ms
[00000568][00191484][INFO][none] Recovery media detected
[00000569][00191493][INFO][none] State transition: RECOVERY -> MANIFEST_PARSE
[00000570][00191506][WARN][manifest_parse] Manifest not ready
[00000571][00191517][INFO][none] State transition: MANIFEST_PARSE -> ARBITRATE
[00000572][00191529][ERROR][no_bootable_image] Enter recovery mode
[00000573][00191541][INFO][none] Recovery retry delay: 2000 ms
[00000574][00193530][INFO][none] Recovery media detected
[00000575][00193539][INFO][none] State transition: RECOVERY -> MANIFEST_PARSE
[00000576][00193552][WARN][manifest_parse] Manifest not ready
[00000577][00193564][INFO][none] State transition: MANIFEST_PARSE -> ARBITRATE
[00000578][00193576][ERROR][no_bootable_image] Enter recovery mode
[00000579][00193587][INFO][none] Recovery retry delay: 2000 ms
[00000580][00195577][INFO][none] Recovery media detected
[00000581][00195586][INFO][none] State transition: RECOVERY -> MANIFEST_PARSE
[00000582][00195600][WARN][manifest_parse] Manifest not ready
[00000583][00195611][INFO][none] State transition: MANIFEST_PARSE -> ARBITRATE
[00000584][00195622][ERROR][no_bootable_image] Enter recovery mode
[00000585][00195635][INFO][none] Recovery retry delay: 2000 ms
[00000586][00197623][INFO][none] Recovery media detected
[00000587][00197632][INFO][none] State transition: RECOVERY -> MANIFEST_PARSE
[00000588][00197645][WARN][manifest_parse] Manifest not ready
[00000589][00197658][INFO][none] State transition: MANIFEST_PARSE -> ARBITRATE
[00000590][00197669][ERROR][no_bootable_image] Enter recovery mode
[00000591][00197681][INFO][none] Recovery retry delay: 2000 ms
[00000592][00199670][INFO][none] Recovery media detected
[00000593][00199679][INFO][none] State transition: RECOVERY -> MANIFEST_PARSE
[00000594][00199692][WARN][manifest_parse] Manifest not ready
[00000595][00199703][INFO][none] State transition: MANIFEST_PARSE -> ARBITRATE
[00000596][00199720][ERROR][no_bootable_image] Enter recovery mode
[00000597][00199734][INFO][none] Recovery retry delay: 2000 ms
[00000598][00201721][INFO][none] Recovery media detected
[00000599][00201730][INFO][none] State transition: RECOVERY -> MANIFEST_PARSE
[00000600][00201743][WARN][manifest_parse] Manifest not ready
[00000601][00201755][INFO][none] State transition: MANIFEST_PARSE -> ARBITRATE
[00000602][00201766][ERROR][no_bootable_image] Enter recovery mode
[00000603][00201778][INFO][none] Recovery retry delay: 2000 ms
[00000604][00203767][INFO][none] Recovery media detected
[00000605][00203776][INFO][none] State transition: RECOVERY -> MANIFEST_PARSE
[00000606][00203789][WARN][manifest_parse] Manifest not ready
[00000607][00203800][INFO][none] State transition: MANIFEST_PARSE -> ARBITRATE
[00000608][00203812][ERROR][no_bootable_image] Enter recovery mode
[00000609][00203824][INFO][none] Recovery retry delay: 2000 ms
[00000610][00205813][INFO][none] Recovery media detected
[00000611][00205822][INFO][none] State transition: RECOVERY -> MANIFEST_PARSE
[00000612][00205836][WARN][manifest_parse] Manifest not ready
[00000613][00205848][INFO][none] State transition: MANIFEST_PARSE -> ARBITRATE
[00000614][00205860][ERROR][no_bootable_image] Enter recovery mode
[00000615][00205871][INFO][none] Recovery retry delay: 2000 ms
[00000616][00207860][INFO][none] Recovery media detected
[00000617][00207869][INFO][none] State transition: RECOVERY -> MANIFEST_PARSE
[00000618][00207882][WARN][manifest_parse] Manifest not ready
[00000619][00207894][INFO][none] State transition: MANIFEST_PARSE -> ARBITRATE
[00000620][00207906][ERROR][no_bootable_image] Enter recovery mode
[00000621][00207918][INFO][none] Recovery retry delay: 2000 ms
[00000622][00209907][INFO][none] Recovery media detected
[00000623][00209916][INFO][none] State transition: RECOVERY -> MANIFEST_PARSE
[00000624][00209929][WARN][manifest_parse] Manifest not ready
[00000625][00209941][INFO][none] State transition: MANIFEST_PARSE -> ARBITRATE
[00000626][00209953][ERROR][no_bootable_image] Enter recovery mode
[00000627][00209965][INFO][none] Recovery retry delay: 2000 ms
[00000628][00211954][INFO][none] Recovery media detected
[00000629][00211963][INFO][none] State transition: RECOVERY -> MANIFEST_PARSE
[00000630][00211976][WARN][manifest_parse] Manifest not ready
[00000631][00211987][INFO][none] State transition: MANIFEST_PARSE -> ARBITRATE
[00000632][00211999][ERROR][no_bootable_image] Enter recovery mode
[00000633][00212011][INFO][none] Recovery retry delay: 2000 ms
[00000634][00214000][INFO][none] Recovery media detected
[00000635][00214009][INFO][none] State transition: RECOVERY -> MANIFEST_PARSE
[00000636][00214022][WARN][manifest_parse] Manifest not ready
[00000637][00214034][INFO][none] State transition: MANIFEST_PARSE -> ARBITRATE
[00000638][00214046][ERROR][no_bootable_image] Enter recovery mode
[00000639][00214057][INFO][none] Recovery retry delay: 2000 ms
[00000640][00216047][INFO][none] Recovery media detected
[00000641][00216056][INFO][none] State transition: RECOVERY -> MANIFEST_PARSE
[00000642][00216070][WARN][manifest_parse] Manifest not ready
[00000643][00216081][INFO][none] State transition: MANIFEST_PARSE -> ARBITRATE
[00000644][00216093][ERROR][no_bootable_image] Enter recovery mode
[00000645][00216105][INFO][none] Recovery retry delay: 2000 ms
[00000646][00218094][INFO][none] Recovery media detected
[00000647][00218103][INFO][none] State transition: RECOVERY -> MANIFEST_PARSE
[00000648][00218116][WARN][manifest_parse] Manifest not ready
[00000649][00218129][INFO][none] State transition: MANIFEST_PARSE -> ARBITRATE
[00000650][00218141][ERROR][no_bootable_image] Enter recovery mode
[00000651][00218152][INFO][none] Recovery retry delay: 2000 ms
[00000652][00220142][INFO][none] Recovery media detected
[00000653][00220151][INFO][none] State transition: RECOVERY -> MANIFEST_PARSE
[00000654][00220164][WARN][manifest_parse] Manifest not ready
[00000655][00220175][INFO][none] State transition: MANIFEST_PARSE -> ARBITRATE
[00000656][00220190][ERROR][no_bootable_image] Enter recovery mode
[00000657][00220204][INFO][none] Recovery retry delay: 2000 ms
[00000658][00222191][INFO][none] Recovery media detected
[00000659][00222200][INFO][none] State transition: RECOVERY -> MANIFEST_PARSE
[00000660][00222213][WARN][manifest_parse] Manifest not ready
[00000661][00222225][INFO][none] State transition: MANIFEST_PARSE -> ARBITRATE
[00000662][00222237][ERROR][no_bootable_image] Enter recovery mode
[00000663][00222249][INFO][none] Recovery retry delay: 2000 ms
[00000664][00224238][INFO][none] Recovery media detected
[00000665][00224247][INFO][none] State transition: RECOVERY -> MANIFEST_PARSE
[00000666][00224260][WARN][manifest_parse] Manifest not ready
[00000667][00224271][INFO][none] State transition: MANIFEST_PARSE -> ARBITRATE
[00000668][00224283][ERROR][no_bootable_image] Enter recovery mode
[00000669][00224295][INFO][none] Recovery retry delay: 2000 ms
[00000670][00226284][INFO][none] Recovery media detected
[00000671][00226293][INFO][none] State transition: RECOVERY -> MANIFEST_PARSE
[00000672][00226307][WARN][manifest_parse] Manifest not ready
[00000673][00226319][INFO][none] State transition: MANIFEST_PARSE -> ARBITRATE
[00000674][00226331][ERROR][no_bootable_image] Enter recovery mode
[00000675][00226342][INFO][none] Recovery retry delay: 2000 ms
[00000676][00228332][INFO][none] Recovery media detected
[00000677][00228341][INFO][none] State transition: RECOVERY -> MANIFEST_PARSE
[00000678][00228355][WARN][manifest_parse] Manifest not ready
[00000679][00228366][INFO][none] State transition: MANIFEST_PARSE -> ARBITRATE
[00000680][00228378][ERROR][no_bootable_image] Enter recovery mode
[00000681][00228390][INFO][none] Recovery retry delay: 2000 ms
[00000682][00230379][INFO][none] Recovery media detected
[00000683][00230388][INFO][none] State transition: RECOVERY -> MANIFEST_PARSE
[00000684][00230401][WARN][manifest_parse] Manifest not ready
[00000685][00230413][INFO][none] State transition: MANIFEST_PARSE -> ARBITRATE
[00000686][00230425][ERROR][no_bootable_image] Enter recovery mode
[00000687][00230437][INFO][none] Recovery retry delay: 2000 ms
[00000688][00232426][INFO][none] Recovery media detected
[00000689][00232435][INFO][none] State transition: RECOVERY -> MANIFEST_PARSE
[00000690][00232448][WARN][manifest_parse] Manifest not ready
[00000691][00232459][INFO][none] State transition: MANIFEST_PARSE -> ARBITRATE
[00000692][00232471][ERROR][no_bootable_image] Enter recovery mode
[00000693][00232484][INFO][none] Recovery retry delay: 2000 ms
[00000694][00234472][INFO][none] Recovery media detected
[00000695][00234481][INFO][none] State transition: RECOVERY -> MANIFEST_PARSE
[00000696][00234494][WARN][manifest_parse] Manifest not ready
[00000697][00234506][INFO][none] State transition: MANIFEST_PARSE -> ARBITRATE
[00000698][00234518][ERROR][no_bootable_image] Enter recovery mode
[00000699][00234529][INFO][none] Recovery retry delay: 2000 ms
[00000700][00236519][INFO][none] Recovery media detected
[00000701][00236528][INFO][none] State transition: RECOVERY -> MANIFEST_PARSE
[00000702][00236542][WARN][manifest_parse] Manifest not ready
[00000703][00236553][INFO][none] State transition: MANIFEST_PARSE -> ARBITRATE
[00000704][00236565][ERROR][no_bootable_image] Enter recovery mode
[00000705][00236577][INFO][none] Recovery retry delay: 2000 ms
[00000706][00238566][INFO][none] Recovery media detected
[00000707][00238575][INFO][none] State transition: RECOVERY -> MANIFEST_PARSE
[00000708][00238589][WARN][manifest_parse] Manifest not ready
[00000709][00238601][INFO][none] State transition: MANIFEST_PARSE -> ARBITRATE
[00000710][00238612][ERROR][no_bootable_image] Enter recovery mode
[00000711][00238624][INFO][none] Recovery retry delay: 2000 ms
[00000712][00240613][INFO][none] Recovery media detected
[00000713][00240622][INFO][none] State transition: RECOVERY -> MANIFEST_PARSE
[00000714][00240635][WARN][manifest_parse] Manifest not ready
[00000715][00240646][INFO][none] State transition: MANIFEST_PARSE -> ARBITRATE
[00000716][00240661][ERROR][no_bootable_image] Enter recovery mode
[00000717][00240676][INFO][none] Recovery retry delay: 2000 ms
[00000718][00242662][INFO][none] Recovery media detected
[00000719][00242671][INFO][none] State transition: RECOVERY -> MANIFEST_PARSE
[00000720][00242684][WARN][manifest_parse] Manifest not ready
[00000721][00242696][INFO][none] State transition: MANIFEST_PARSE -> ARBITRATE
[00000722][00242707][ERROR][no_bootable_image] Enter recovery mode
[00000723][00242719][INFO][none] Recovery retry delay: 2000 ms
[00000724][00244708][INFO][none] Recovery media detected
[00000725][00244717][INFO][none] State transition: RECOVERY -> MANIFEST_PARSE
[00000726][00244730][WARN][manifest_parse] Manifest not ready
[00000727][00244741][INFO][none] State transition: MANIFEST_PARSE -> ARBITRATE
[00000728][00244753][ERROR][no_bootable_image] Enter recovery mode
[00000729][00244765][INFO][none] Recovery retry delay: 2000 ms
[00000730][00246754][INFO][none] Recovery media detected
[00000731][00246763][INFO][none] State transition: RECOVERY -> MANIFEST_PARSE
[00000732][00246777][WARN][manifest_parse] Manifest not ready
[00000733][00246789][INFO][none] State transition: MANIFEST_PARSE -> ARBITRATE
[00000734][00246800][ERROR][no_bootable_image] Enter recovery mode
[00000735][00246812][INFO][none] Recovery retry delay: 2000 ms
[00000736][00248801][INFO][none] Recovery media detected
[00000737][00248810][INFO][none] State transition: RECOVERY -> MANIFEST_PARSE
[00000738][00248824][WARN][manifest_parse] Manifest not ready
[00000739][00248835][INFO][none] State transition: MANIFEST_PARSE -> ARBITRATE
[00000740][00248847][ERROR][no_bootable_image] Enter recovery mode
[00000741][00248859][INFO][none] Recovery retry delay: 2000 ms
[00000742][00250848][INFO][none] Recovery media detected
[00000743][00250857][INFO][none] State transition: RECOVERY -> MANIFEST_PARSE
[00000744][00250871][WARN][manifest_parse] Manifest not ready
[00000745][00250884][INFO][none] State transition: MANIFEST_PARSE -> ARBITRATE
[00000746][00250896][ERROR][no_bootable_image] Enter recovery mode
[00000747][00250907][INFO][none] Recovery retry delay: 2000 ms
[00000748][00252897][INFO][none] Recovery media detected
[00000749][00252906][INFO][none] State transition: RECOVERY -> MANIFEST_PARSE
[00000750][00252919][WARN][manifest_parse] Manifest not ready
[00000751][00252930][INFO][none] State transition: MANIFEST_PARSE -> ARBITRATE
[00000752][00252942][ERROR][no_bootable_image] Enter recovery mode
[00000753][00252955][INFO][none] Recovery retry delay: 2000 ms
[00000754][00254943][INFO][none] Recovery media detected
[00000755][00254952][INFO][none] State transition: RECOVERY -> MANIFEST_PARSE
[00000756][00254965][WARN][manifest_parse] Manifest not ready
[00000757][00254977][INFO][none] State transition: MANIFEST_PARSE -> ARBITRATE
[00000758][00254989][ERROR][no_bootable_image] Enter recovery mode
[00000759][00255000][INFO][none] Recovery retry delay: 2000 ms
[00000760][00256990][INFO][none] Recovery media detected
[00000761][00256999][INFO][none] State transition: RECOVERY -> MANIFEST_PARSE
[00000762][00257012][WARN][manifest_parse] Manifest not ready
[00000763][00257023][INFO][none] State transition: MANIFEST_PARSE -> ARBITRATE
[00000764][00257035][ERROR][no_bootable_image] Enter recovery mode
[00000765][00257047][INFO][none] Recovery retry delay: 2000 ms
[00000766][00259036][INFO][none] Recovery media detected
[00000767][00259045][INFO][none] State transition: RECOVERY -> MANIFEST_PARSE
[00000768][00259059][WARN][manifest_parse] Manifest not ready
[00000769][00259071][INFO][none] State transition: MANIFEST_PARSE -> ARBITRATE
[00000770][00259082][ERROR][no_bootable_image] Enter recovery mode
[00000771][00259094][INFO][none] Recovery retry delay: 2000 ms
[00000772][00261083][INFO][none] Recovery media detected
[00000773][00261092][INFO][none] State transition: RECOVERY -> MANIFEST_PARSE
[00000774][00261105][WARN][manifest_parse] Manifest not ready
[00000775][00261119][INFO][none] State transition: MANIFEST_PARSE -> ARBITRATE
[00000776][00261133][ERROR][no_bootable_image] Enter recovery mode
[00000777][00261145][INFO][none] Recovery retry delay: 2000 ms
[00000778][00263133][INFO][none] Recovery media detected
[00000779][00263142][INFO][none] State transition: RECOVERY -> MANIFEST_PARSE
[00000780][00263155][WARN][manifest_parse] Manifest not ready
[00000781][00263167][INFO][none] State transition: MANIFEST_PARSE -> ARBITRATE
[00000782][00263178][ERROR][no_bootable_image] Enter recovery mode
[00000783][00263190][INFO][none] Recovery retry delay: 2000 ms
[00000784][00265179][INFO][none] Recovery media detected
[00000785][00265188][INFO][none] State transition: RECOVERY -> MANIFEST_PARSE
[00000786][00265201][WARN][manifest_parse] Manifest not ready
[00000787][00265212][INFO][none] State transition: MANIFEST_PARSE -> ARBITRATE
[00000788][00265224][ERROR][no_bootable_image] Enter recovery mode
[00000789][00265236][INFO][none] Recovery retry delay: 2000 ms
[00000790][00267225][INFO][none] Recovery media detected
[00000791][00267234][INFO][none] State transition: RECOVERY -> MANIFEST_PARSE
[00000792][00267247][WARN][manifest_parse] Manifest not ready
[00000793][00267259][INFO][none] State transition: MANIFEST_PARSE -> ARBITRATE
[00000794][00267271][ERROR][no_bootable_image] Enter recovery mode
[00000795][00267282][INFO][none] Recovery retry delay: 2000 ms
[00000796][00269272][INFO][none] Recovery media detected
[00000797][00269281][INFO][none] State transition: RECOVERY -> MANIFEST_PARSE
[00000798][00269295][WARN][manifest_parse] Manifest not ready
[00000799][00269306][INFO][none] State transition: MANIFEST_PARSE -> ARBITRATE
[00000800][00269318][ERROR][no_bootable_image] Enter recovery mode
[00000801][00269330][INFO][none] Recovery retry delay: 2000 ms
[00000802][00271319][INFO][none] Recovery media detected
[00000803][00271328][INFO][none] State transition: RECOVERY -> MANIFEST_PARSE
[00000804][00271341][WARN][manifest_parse] Manifest not ready
[00000805][00271354][INFO][none] State transition: MANIFEST_PARSE -> ARBITRATE
[00000806][00271365][ERROR][no_bootable_image] Enter recovery mode
[00000807][00271377][INFO][none] Recovery retry delay: 2000 ms
[00000808][00273366][INFO][none] Recovery media detected
[00000809][00273375][INFO][none] State transition: RECOVERY -> MANIFEST_PARSE
[00000810][00273388][WARN][manifest_parse] Manifest not ready
[00000811][00273400][INFO][none] State transition: MANIFEST_PARSE -> ARBITRATE
[00000812][00273412][ERROR][no_bootable_image] Enter recovery mode
[00000813][00273424][INFO][none] Recovery retry delay: 2000 ms
[00000814][00275413][INFO][none] Recovery media detected
[00000815][00275422][INFO][none] State transition: RECOVERY -> MANIFEST_PARSE
[00000816][00275435][WARN][manifest_parse] Manifest not ready
[00000817][00275447][INFO][none] State transition: MANIFEST_PARSE -> ARBITRATE
[00000818][00275459][ERROR][no_bootable_image] Enter recovery mode
[00000819][00275470][INFO][none] Recovery retry delay: 2000 ms
[00000820][00277460][INFO][none] Recovery media detected
[00000821][00277469][INFO][none] State transition: RECOVERY -> MANIFEST_PARSE
[00000822][00277482][WARN][manifest_parse] Manifest not ready
[00000823][00277493][INFO][none] State transition: MANIFEST_PARSE -> ARBITRATE
[00000824][00277505][ERROR][no_bootable_image] Enter recovery mode
[00000825][00277517][INFO][none] Recovery retry delay: 2000 ms
[00000826][00279506][INFO][none] Recovery media detected
[00000827][00279515][INFO][none] State transition: RECOVERY -> MANIFEST_PARSE
[00000828][00279529][WARN][manifest_parse] Manifest not ready
[00000829][00279541][INFO][none] State transition: MANIFEST_PARSE -> ARBITRATE
[00000830][00279552][ERROR][no_bootable_image] Enter recovery mode
[00000831][00279564][INFO][none] Recovery retry delay: 2000 ms
[00000832][00281553][INFO][none] Recovery media detected
[00000833][00281562][INFO][none] State transition: RECOVERY -> MANIFEST_PARSE
[00000834][00281575][WARN][manifest_parse] Manifest not ready
[00000835][00281589][INFO][none] State transition: MANIFEST_PARSE -> ARBITRATE
[00000836][00281602][ERROR][no_bootable_image] Enter recovery mode
[00000837][00281615][INFO][none] Recovery retry delay: 2000 ms
[00000838][00283603][INFO][none] Recovery media detected
[00000839][00283612][INFO][none] State transition: RECOVERY -> MANIFEST_PARSE
[00000840][00283625][WARN][manifest_parse] Manifest not ready
[00000841][00283637][INFO][none] State transition: MANIFEST_PARSE -> ARBITRATE
[00000842][00283649][ERROR][no_bootable_image] Enter recovery mode
[00000843][00283661][INFO][none] Recovery retry delay: 2000 ms
[00000844][00285650][INFO][none] Recovery media detected
[00000845][00285659][INFO][none] State transition: RECOVERY -> MANIFEST_PARSE
[00000846][00285672][WARN][manifest_parse] Manifest not ready
[00000847][00285683][INFO][none] State transition: MANIFEST_PARSE -> ARBITRATE
[00000848][00285695][ERROR][no_bootable_image] Enter recovery mode
[00000849][00285707][INFO][none] Recovery retry delay: 2000 ms
[00000850][00287696][INFO][none] Recovery media detected
[00000851][00287705][INFO][none] State transition: RECOVERY -> MANIFEST_PARSE
[00000852][00287718][WARN][manifest_parse] Manifest not ready
[00000853][00287730][INFO][none] State transition: MANIFEST_PARSE -> ARBITRATE
[00000854][00287742][ERROR][no_bootable_image] Enter recovery mode
[00000855][00287753][INFO][none] Recovery retry delay: 2000 ms
[00000856][00289743][INFO][none] Recovery media detected
[00000857][00289752][INFO][none] State transition: RECOVERY -> MANIFEST_PARSE
[00000858][00289766][WARN][manifest_parse] Manifest not ready
[00000859][00289777][INFO][none] State transition: MANIFEST_PARSE -> ARBITRATE
[00000860][00289789][ERROR][no_bootable_image] Enter recovery mode
[00000861][00289801][INFO][none] Recovery retry delay: 2000 ms
[00000862][00291790][INFO][none] Recovery media detected
[00000863][00291799][INFO][none] State transition: RECOVERY -> MANIFEST_PARSE
[00000864][00291812][WARN][manifest_parse] Manifest not ready
[00000865][00291825][INFO][none] State transition: MANIFEST_PARSE -> ARBITRATE
[00000866][00291836][ERROR][no_bootable_image] Enter recovery mode
[00000867][00291848][INFO][none] Recovery retry delay: 2000 ms
[00000868][00293837][INFO][none] Recovery media detected
[00000869][00293846][INFO][none] State transition: RECOVERY -> MANIFEST_PARSE
[00000870][00293859][WARN][manifest_parse] Manifest not ready
[00000871][00293870][INFO][none] State transition: MANIFEST_PARSE -> ARBITRATE
[00000872][00293883][ERROR][no_bootable_image] Enter recovery mode
[00000873][00293895][INFO][none] Recovery retry delay: 2000 ms
[00000874][00295884][INFO][none] Recovery media detected
[00000875][00295893][INFO][none] State transition: RECOVERY -> MANIFEST_PARSE
[00000876][00295906][WARN][manifest_parse] Manifest not ready
[00000877][00295918][INFO][none] State transition: MANIFEST_PARSE -> ARBITRATE
[00000878][00295930][ERROR][no_bootable_image] Enter recovery mode
[00000879][00295941][INFO][none] Recovery retry delay: 2000 ms
[00000880][00297931][INFO][none] Recovery media detected
[00000881][00297940][INFO][none] State transition: RECOVERY -> MANIFEST_PARSE
[00000882][00297953][WARN][manifest_parse] Manifest not ready
[00000883][00297964][INFO][none] State transition: MANIFEST_PARSE -> ARBITRATE
[00000884][00297976][ERROR][no_bootable_image] Enter recovery mode
[00000885][00297988][INFO][none] Recovery retry delay: 2000 ms
[00000886][00299977][INFO][none] Recovery media detected
[00000887][00299986][INFO][none] State transition: RECOVERY -> MANIFEST_PARSE
[00000888][00300000][WARN][manifest_parse] Manifest not ready
[00000889][00300012][INFO][none] State transition: MANIFEST_PARSE -> ARBITRATE
[00000890][00300023][ERROR][no_bootable_image] Enter recovery mode
[00000891][00300035][INFO][none] Recovery retry delay: 2000 ms
[00000892][00302024][INFO][none] Recovery media detected
[00000893][00302033][INFO][none] State transition: RECOVERY -> MANIFEST_PARSE
[00000894][00302046][WARN][manifest_parse] Manifest not ready
[00000895][00302060][INFO][none] State transition: MANIFEST_PARSE -> ARBITRATE
[00000896][00302073][ERROR][no_bootable_image] Enter recovery mode
[00000897][00302085][INFO][none] Recovery retry delay: 2000 ms
[00000898][00304074][INFO][none] Recovery media detected
[00000899][00304083][INFO][none] State transition: RECOVERY -> MANIFEST_PARSE
[00000900][00304096][WARN][manifest_parse] Manifest not ready
[00000901][00304108][INFO][none] State transition: MANIFEST_PARSE -> ARBITRATE
[00000902][00304120][ERROR][no_bootable_image] Enter recovery mode
[00000903][00304131][INFO][none] Recovery retry delay: 2000 ms
[00000904][00306121][INFO][none] Recovery media detected
[00000905][00306130][INFO][none] State transition: RECOVERY -> MANIFEST_PARSE
[00000906][00306143][WARN][manifest_parse] Manifest not ready
[00000907][00306154][INFO][none] State transition: MANIFEST_PARSE -> ARBITRATE
[00000908][00306166][ERROR][no_bootable_image] Enter recovery mode
[00000909][00306179][INFO][none] Recovery retry delay: 2000 ms
[00000910][00308167][INFO][none] Recovery media detected
[00000911][00308176][INFO][none] State transition: RECOVERY -> MANIFEST_PARSE
[00000912][00308189][WARN][manifest_parse] Manifest not ready
[00000913][00308201][INFO][none] State transition: MANIFEST_PARSE -> ARBITRATE
[00000914][00308213][ERROR][no_bootable_image] Enter recovery mode
[00000915][00308224][INFO][none] Recovery retry delay: 2000 ms
[00000916][00310214][INFO][none] Recovery media detected
[00000917][00310223][INFO][none] State transition: RECOVERY -> MANIFEST_PARSE
[00000918][00310237][WARN][manifest_parse] Manifest not ready
[00000919][00310248][INFO][none] State transition: MANIFEST_PARSE -> ARBITRATE
[00000920][00310259][ERROR][no_bootable_image] Enter recovery mode
[00000921][00310272][INFO][none] Recovery retry delay: 2000 ms
[00000922][00312260][INFO][none] Recovery media detected
[00000923][00312269][INFO][none] State transition: RECOVERY -> MANIFEST_PARSE
[00000924][00312283][WARN][manifest_parse] Manifest not ready
[00000925][00312295][INFO][none] State transition: MANIFEST_PARSE -> ARBITRATE
[00000926][00312306][ERROR][no_bootable_image] Enter recovery mode
[00000927][00312318][INFO][none] Recovery retry delay: 2000 ms
[00000928][00314307][INFO][none] Recovery media detected
[00000929][00314316][INFO][none] State transition: RECOVERY -> MANIFEST_PARSE
[00000930][00314329][WARN][manifest_parse] Manifest not ready
[00000931][00314340][INFO][none] State transition: MANIFEST_PARSE -> ARBITRATE
[00000932][00314353][ERROR][no_bootable_image] Enter recovery mode
[00000933][00314365][INFO][none] Recovery retry delay: 2000 ms
[00000934][00316354][INFO][none] Recovery media detected
[00000935][00316363][INFO][none] State transition: RECOVERY -> MANIFEST_PARSE
[00000936][00316376][WARN][manifest_parse] Manifest not ready
[00000937][00316388][INFO][none] State transition: MANIFEST_PARSE -> ARBITRATE
[00000938][00316400][ERROR][no_bootable_image] Enter recovery mode
[00000939][00316412][INFO][none] Recovery retry delay: 2000 ms
[00000940][00318401][INFO][none] Recovery media detected
[00000941][00318410][INFO][none] State transition: RECOVERY -> MANIFEST_PARSE
[00000942][00318421][WARN][manifest_parse] Manifest not ready
[00000943][00318431][INFO][none] State transition: MANIFEST_PARSE -> ARBITRATE
[00000944][00318440][ERROR][no_bootable_image] Enter recovery mode
[00000945][00318450][INFO][none] Recovery retry delay: 2000 ms
[00000946][00320441][INFO][none] Recovery media detected
[00000947][00320450][INFO][none] State transition: RECOVERY -> MANIFEST_PARSE
[00000948][00320462][WARN][manifest_parse] Manifest not ready
[00000949][00320471][INFO][none] State transition: MANIFEST_PARSE -> ARBITRATE
[00000950][00320481][ERROR][no_bootable_image] Enter recovery mode
[00000951][00320490][INFO][none] Recovery retry delay: 2000 ms
[00000952][00322482][INFO][none] Recovery media detected
[00000953][00322491][INFO][none] State transition: RECOVERY -> MANIFEST_PARSE
[00000954][00322505][WARN][manifest_parse] Manifest not ready
[00000955][00322516][INFO][none] State transition: MANIFEST_PARSE -> ARBITRATE
[00000956][00322526][ERROR][no_bootable_image] Enter recovery mode
[00000957][00322535][INFO][none] Recovery retry delay: 2000 ms
[00000958][00324527][INFO][none] Recovery media detected
[00000959][00324536][INFO][none] State transition: RECOVERY -> MANIFEST_PARSE
[00000960][00324547][WARN][manifest_parse] Manifest not ready
[00000961][00324557][INFO][none] State transition: MANIFEST_PARSE -> ARBITRATE
[00000962][00324567][ERROR][no_bootable_image] Enter recovery mode
[00000963][00324577][INFO][none] Recovery retry delay: 2000 ms
[00000964][00326568][INFO][none] Recovery media detected
[00000965][00326577][INFO][none] State transition: RECOVERY -> MANIFEST_PARSE
[00000966][00326588][WARN][manifest_parse] Manifest not ready
[00000967][00326598][INFO][none] State transition: MANIFEST_PARSE -> ARBITRATE
[00000968][00326607][ERROR][no_bootable_image] Enter recovery mode
[00000969][00326618][INFO][none] Recovery retry delay: 2000 ms
[00000970][00328608][INFO][none] Recovery media detected
[00000971][00328617][INFO][none] State transition: RECOVERY -> MANIFEST_PARSE
[00000972][00328628][WARN][manifest_parse] Manifest not ready
[00000973][00328638][INFO][none] State transition: MANIFEST_PARSE -> ARBITRATE
[00000974][00328648][ERROR][no_bootable_image] Enter recovery mode
[00000975][00328657][INFO][none] Recovery retry delay: 2000 ms
[00000976][00330648][INFO][none] Recovery media detected
[00000977][00330657][INFO][none] State transition: RECOVERY -> MANIFEST_PARSE
[00000978][00330669][WARN][manifest_parse] Manifest not ready
[00000979][00330679][INFO][none] State transition: MANIFEST_PARSE -> ARBITRATE
[00000980][00330688][ERROR][no_bootable_image] Enter recovery mode
[00000981][00330698][INFO][none] Recovery retry delay: 2000 ms
[00000982][00332689][INFO][none] Recovery media detected
[00000983][00332698][INFO][none] State transition: RECOVERY -> MANIFEST_PARSE
[00000984][00332710][WARN][manifest_parse] Manifest not ready
[00000985][00332719][INFO][none] State transition: MANIFEST_PARSE -> ARBITRATE
[00000986][00332729][ERROR][no_bootable_image] Enter recovery mode
[00000987][00332739][INFO][none] Recovery retry delay: 2000 ms
[00000988][00334730][INFO][none] Recovery media detected
[00000989][00334739][INFO][none] State transition: RECOVERY -> MANIFEST_PARSE
[00000990][00334750][WARN][manifest_parse] Manifest not ready
[00000991][00334760][INFO][none] State transition: MANIFEST_PARSE -> ARBITRATE
[00000992][00334770][ERROR][no_bootable_image] Enter recovery mode
[00000993][00334780][INFO][none] Recovery retry delay: 2000 ms
[00000994][00336771][INFO][none] Recovery media detected
[00000995][00336780][INFO][none] State transition: RECOVERY -> MANIFEST_PARSE
[00000996][00336791][WARN][manifest_parse] Manifest not ready
[00000997][00336801][INFO][none] State transition: MANIFEST_PARSE -> ARBITRATE
[00000998][00336811][ERROR][no_bootable_image] Enter recovery mode
[00000999][00336821][INFO][none] Recovery retry delay: 2000 ms
[00001000][00338812][INFO][none] Recovery media detected
[00001001][00338821][INFO][none] State transition: RECOVERY -> MANIFEST_PARSE
[00001002][00338832][WARN][manifest_parse] Manifest not ready
[00001003][00338842][INFO][none] State transition: MANIFEST_PARSE -> ARBITRATE
[00001004][00338851][ERROR][no_bootable_image] Enter recovery mode
[00001005][00338861][INFO][none] Recovery retry delay: 2000 ms
[00001006][00340852][INFO][none] Recovery media detected
[00001007][00340861][INFO][none] State transition: RECOVERY -> MANIFEST_PARSE
[00001008][00340872][WARN][manifest_parse] Manifest not ready
[00001009][00340881][INFO][none] State transition: MANIFEST_PARSE -> ARBITRATE
[00001010][00340891][ERROR][no_bootable_image] Enter recovery mode
[00001011][00340900][INFO][none] Recovery retry delay: 2000 ms
[00001012][00342892][INFO][none] Recovery media detected
[00001013][00342901][INFO][none] State transition: RECOVERY -> MANIFEST_PARSE
[00001014][00342915][WARN][manifest_parse] Manifest not ready
[00001015][00342926][INFO][none] State transition: MANIFEST_PARSE -> ARBITRATE
[00001016][00342935][ERROR][no_bootable_image] Enter recovery mode
[00001017][00342945][INFO][none] Recovery retry delay: 2000 ms
[00001018][00344936][INFO][none] Recovery media detected
[00001019][00344945][INFO][none] State transition: RECOVERY -> MANIFEST_PARSE
[00001020][00344956][WARN][manifest_parse] Manifest not ready
[00001021][00344966][INFO][none] State transition: MANIFEST_PARSE -> ARBITRATE
[00001022][00344976][ERROR][no_bootable_image] Enter recovery mode
[00001023][00344985][INFO][none] Recovery retry delay: 2000 ms
[00001024][00346977][INFO][none] Recovery media detected
[00001025][00346986][INFO][none] State transition: RECOVERY -> MANIFEST_PARSE
[00001026][00346997][WARN][manifest_parse] Manifest not ready
[00001027][00347007][INFO][none] State transition: MANIFEST_PARSE -> ARBITRATE
[00001028][00347016][ERROR][no_bootable_image] Enter recovery mode
[00001029][00347027][INFO][none] Recovery retry delay: 2000 ms
[00001030][00349017][INFO][none] Recovery media detected
[00001031][00349026][INFO][none] State transition: RECOVERY -> MANIFEST_PARSE
[00001032][00349037][WARN][manifest_parse] Manifest not ready
[00001033][00349047][INFO][none] State transition: MANIFEST_PARSE -> ARBITRATE
[00001034][00349056][ERROR][no_bootable_image] Enter recovery mode
[00001035][00349066][INFO][none] Recovery retry delay: 2000 ms
[00001036][00351057][INFO][none] Recovery media detected
[00001037][00351066][INFO][none] State transition: RECOVERY -> MANIFEST_PARSE
[00001038][00351077][WARN][manifest_parse] Manifest not ready
[00001039][00351087][INFO][none] State transition: MANIFEST_PARSE -> ARBITRATE
[00001040][00351096][ERROR][no_bootable_image] Enter recovery mode
[00001041][00351106][INFO][none] Recovery retry delay: 2000 ms
[00001042][00353097][INFO][none] Recovery media detected
[00001043][00353106][INFO][none] State transition: RECOVERY -> MANIFEST_PARSE
[00001044][00353118][WARN][manifest_parse] Manifest not ready
[00001045][00353128][INFO][none] State transition: MANIFEST_PARSE -> ARBITRATE
[00001046][00353137][ERROR][no_bootable_image] Enter recovery mode
[00001047][00353147][INFO][none] Recovery retry delay: 2000 ms
[00001048][00355138][INFO][none] Recovery media detected
[00001049][00355147][INFO][none] State transition: RECOVERY -> MANIFEST_PARSE
[00001050][00355158][WARN][manifest_parse] Manifest not ready
[00001051][00355169][INFO][none] State transition: MANIFEST_PARSE -> ARBITRATE
[00001052][00355178][ERROR][no_bootable_image] Enter recovery mode
[00001053][00355188][INFO][none] Recovery retry delay: 2000 ms
[00001054][00357179][INFO][none] Recovery media detected
[00001055][00357188][INFO][none] State transition: RECOVERY -> MANIFEST_PARSE
[00001056][00357199][WARN][manifest_parse] Manifest not ready
[00001057][00357209][INFO][none] State transition: MANIFEST_PARSE -> ARBITRATE
[00001058][00357219][ERROR][no_bootable_image] Enter recovery mode
[00001059][00357229][INFO][none] Recovery retry delay: 2000 ms
[00001060][00359220][INFO][none] Recovery media detected
[00001061][00359229][INFO][none] State transition: RECOVERY -> MANIFEST_PARSE
[00001062][00359240][WARN][manifest_parse] Manifest not ready
[00001063][00359250][INFO][none] State transition: MANIFEST_PARSE -> ARBITRATE
[00001064][00359259][ERROR][no_bootable_image] Enter recovery mode
[00001065][00359269][INFO][none] Recovery retry delay: 2000 ms
[00001066][00361260][INFO][none] Recovery media detected
[00001067][00361269][INFO][none] State transition: RECOVERY -> MANIFEST_PARSE
[00001068][00361280][WARN][manifest_parse] Manifest not ready
[00001069][00361290][INFO][none] State transition: MANIFEST_PARSE -> ARBITRATE
[00001070][00361299][ERROR][no_bootable_image] Enter recovery mode
[00001071][00361309][INFO][none] Recovery retry delay: 2000 ms
[00001072][00363300][INFO][none] Recovery media detected
[00001073][00363309][INFO][none] State transition: RECOVERY -> MANIFEST_PARSE
[00001074][00363323][WARN][manifest_parse] Manifest not ready
[00001075][00363334][INFO][none] State transition: MANIFEST_PARSE -> ARBITRATE
[00001076][00363344][ERROR][no_bootable_image] Enter recovery mode
[00001077][00363353][INFO][none] Recovery retry delay: 2000 ms
[00001078][00365345][INFO][none] Recovery media detected
[00001079][00365354][INFO][none] State transition: RECOVERY -> MANIFEST_PARSE
[00001080][00365365][WARN][manifest_parse] Manifest not ready
[00001081][00365375][INFO][none] State transition: MANIFEST_PARSE -> ARBITRATE
[00001082][00365385][ERROR][no_bootable_image] Enter recovery mode
[00001083][00365394][INFO][none] Recovery retry delay: 2000 ms
[00001084][00367386][INFO][none] Recovery media detected
[00001085][00367395][INFO][none] State transition: RECOVERY -> MANIFEST_PARSE
[00001086][00367406][WARN][manifest_parse] Manifest not ready
[00001087][00367417][INFO][none] State transition: MANIFEST_PARSE -> ARBITRATE
[00001088][00367427][ERROR][no_bootable_image] Enter recovery mode
[00001089][00367437][INFO][none] Recovery retry delay: 2000 ms
[00001090][00369428][INFO][none] Recovery media detected
[00001091][00369437][INFO][none] State transition: RECOVERY -> MANIFEST_PARSE
[00001092][00369448][WARN][manifest_parse] Manifest not ready
[00001093][00369458][INFO][none] State transition: MANIFEST_PARSE -> ARBITRATE
[00001094][00369468][ERROR][no_bootable_image] Enter recovery mode
[00001095][00369477][INFO][none] Recovery retry delay: 2000 ms
[00001096][00371469][INFO][none] Recovery media detected
[00001097][00371478][INFO][none] State transition: RECOVERY -> MANIFEST_PARSE
[00001098][00371489][WARN][manifest_parse] Manifest not ready
[00001099][00371499][INFO][none] State transition: MANIFEST_PARSE -> ARBITRATE
[00001100][00371509][ERROR][no_bootable_image] Enter recovery mode
[00001101][00371518][INFO][none] Recovery retry delay: 2000 ms
[00001102][00373510][INFO][none] Recovery media detected
[00001103][00373519][INFO][none] State transition: RECOVERY -> MANIFEST_PARSE
[00001104][00373531][WARN][manifest_parse] Manifest not ready
[00001105][00373540][INFO][none] State transition: MANIFEST_PARSE -> ARBITRATE
[00001106][00373550][ERROR][no_bootable_image] Enter recovery mode
[00001107][00373560][INFO][none] Recovery retry delay: 2000 ms
[00001108][00375551][INFO][none] Recovery media detected
[00001109][00375560][INFO][none] State transition: RECOVERY -> MANIFEST_PARSE
[00001110][00375571][WARN][manifest_parse] Manifest not ready
[00001111][00375581][INFO][none] State transition: MANIFEST_PARSE -> ARBITRATE
[00001112][00375591][ERROR][no_bootable_image] Enter recovery mode
[00001113][00375601][INFO][none] Recovery retry delay: 2000 ms
[00001114][00377592][INFO][none] Recovery media detected
[00001115][00377601][INFO][none] State transition: RECOVERY -> MANIFEST_PARSE
[00001116][00377612][WARN][manifest_parse] Manifest not ready
[00001117][00377622][INFO][none] State transition: MANIFEST_PARSE -> ARBITRATE
[00001118][00377632][ERROR][no_bootable_image] Enter recovery mode
[00001119][00377642][INFO][none] Recovery retry delay: 2000 ms
[00001120][00379633][INFO][none] Recovery media detected
[00001121][00379642][INFO][none] State transition: RECOVERY -> MANIFEST_PARSE
[00001122][00379653][WARN][manifest_parse] Manifest not ready
[00001123][00379663][INFO][none] State transition: MANIFEST_PARSE -> ARBITRATE
[00001124][00379673][ERROR][no_bootable_image] Enter recovery mode
[00001125][00379682][INFO][none] Recovery retry delay: 2000 ms
[00001126][00381674][INFO][none] Recovery media detected
[00001127][00381683][INFO][none] State transition: RECOVERY -> MANIFEST_PARSE
[00001128][00381694][WARN][manifest_parse] Manifest not ready
[00001129][00381704][INFO][none] State transition: MANIFEST_PARSE -> ARBITRATE
[00001130][00381713][ERROR][no_bootable_image] Enter recovery mode
[00001131][00381723][INFO][none] Recovery retry delay: 2000 ms
[00001132][00383714][INFO][none] Recovery media detected
[00001133][00383725][INFO][none] State transition: RECOVERY -> MANIFEST_PARSE
[00001134][00383739][WARN][manifest_parse] Manifest not ready
[00001135][00383748][INFO][none] State transition: MANIFEST_PARSE -> ARBITRATE
[00001136][00383758][ERROR][no_bootable_image] Enter recovery mode
[00001137][00383767][INFO][none] Recovery retry delay: 2000 ms
[00001138][00385759][INFO][none] Recovery media detected
[00001139][00385768][INFO][none] State transition: RECOVERY -> MANIFEST_PARSE
[00001140][00385779][WARN][manifest_parse] Manifest not ready
[00001141][00385789][INFO][none] State transition: MANIFEST_PARSE -> ARBITRATE
[00001142][00385799][ERROR][no_bootable_image] Enter recovery mode
[00001143][00385808][INFO][none] Recovery retry delay: 2000 ms
[00001144][00387800][INFO][none] Recovery media detected
[00001145][00387809][INFO][none] State transition: RECOVERY -> MANIFEST_PARSE
[00001146][00387820][WARN][manifest_parse] Manifest not ready
[00001147][00387830][INFO][none] State transition: MANIFEST_PARSE -> ARBITRATE
[00001148][00387840][ERROR][no_bootable_image] Enter recovery mode
[00001149][00387850][INFO][none] Recovery retry delay: 2000 ms
[00001150][00389841][INFO][none] Recovery media detected
[00001151][00389850][INFO][none] State transition: RECOVERY -> MANIFEST_PARSE
[00001152][00389861][WARN][manifest_parse] Manifest not ready
[00001153][00389871][INFO][none] State transition: MANIFEST_PARSE -> ARBITRATE
[00001154][00389880][ERROR][no_bootable_image] Enter recovery mode
[00001155][00389891][INFO][none] Recovery retry delay: 2000 ms
[00001156][00391881][INFO][none] Recovery media detected
[00001157][00391890][INFO][none] State transition: RECOVERY -> MANIFEST_PARSE
[00001158][00391901][WARN][manifest_parse] Manifest not ready
[00001159][00391911][INFO][none] State transition: MANIFEST_PARSE -> ARBITRATE
[00001160][00391920][ERROR][no_bootable_image] Enter recovery mode
[00001161][00391930][INFO][none] Recovery retry delay: 2000 ms
[00001162][00393921][INFO][none] Recovery media detected
[00001163][00393930][INFO][none] State transition: RECOVERY -> MANIFEST_PARSE
[00001164][00393942][WARN][manifest_parse] Manifest not ready
[00001165][00393951][INFO][none] State transition: MANIFEST_PARSE -> ARBITRATE
[00001166][00393961][ERROR][no_bootable_image] Enter recovery mode
[00001167][00393971][INFO][none] Recovery retry delay: 2000 ms
[00001168][00395962][INFO][none] Recovery media detected
[00001169][00395971][INFO][none] State transition: RECOVERY -> MANIFEST_PARSE
[00001170][00395983][WARN][manifest_parse] Manifest not ready
[00001171][00395992][INFO][none] State transition: MANIFEST_PARSE -> ARBITRATE
[00001172][00396002][ERROR][no_bootable_image] Enter recovery mode
[00001173][00396012][INFO][none] Recovery retry delay: 2000 ms
[00001174][00398003][INFO][none] Recovery media detected
[00001175][00398012][INFO][none] State transition: RECOVERY -> MANIFEST_PARSE
[00001176][00398023][WARN][manifest_parse] Manifest not ready
[00001177][00398033][INFO][none] State transition: MANIFEST_PARSE -> ARBITRATE
[00001178][00398043][ERROR][no_bootable_image] Enter recovery mode
[00001179][00398053][INFO][none] Recovery retry delay: 2000 ms
[00001180][00400044][INFO][none] Recovery media detected
[00001181][00400053][INFO][none] State transition: RECOVERY -> MANIFEST_PARSE
[00001182][00400064][WARN][manifest_parse] Manifest not ready
[00001183][00400074][INFO][none] State transition: MANIFEST_PARSE -> ARBITRATE
[00001184][00400084][ERROR][no_bootable_image] Enter recovery mode
[00001185][00400094][INFO][none] Recovery retry delay: 2000 ms
[00001186][00402085][INFO][none] Recovery media detected
[00001187][00402094][INFO][none] State transition: RECOVERY -> MANIFEST_PARSE
[00001188][00402105][WARN][manifest_parse] Manifest not ready
[00001189][00402115][INFO][none] State transition: MANIFEST_PARSE -> ARBITRATE
[00001190][00402124][ERROR][no_bootable_image] Enter recovery mode
[00001191][00402134][INFO][none] Recovery retry delay: 2000 ms
[00001192][00404125][INFO][none] Recovery media detected
[00001193][00404137][INFO][none] State transition: RECOVERY -> MANIFEST_PARSE
[00001194][00404150][WARN][manifest_parse] Manifest not ready
[00001195][00404159][INFO][none] State transition: MANIFEST_PARSE -> ARBITRATE
[00001196][00404169][ERROR][no_bootable_image] Enter recovery mode
[00001197][00404178][INFO][none] Recovery retry delay: 2000 ms
[00001198][00406170][INFO][none] Recovery media detected
[00001199][00406179][INFO][none] State transition: RECOVERY -> MANIFEST_PARSE
[00001200][00406191][WARN][manifest_parse] Manifest not ready
[00001201][00406200][INFO][none] State transition: MANIFEST_PARSE -> ARBITRATE
[00001202][00406210][ERROR][no_bootable_image] Enter recovery mode
[00001203][00406219][INFO][none] Recovery retry delay: 2000 ms
[00001204][00408211][INFO][none] Recovery media detected
[00001205][00408220][INFO][none] State transition: RECOVERY -> MANIFEST_PARSE
[00001206][00408231][WARN][manifest_parse] Manifest not ready
[00001207][00408241][INFO][none] State transition: MANIFEST_PARSE -> ARBITRATE
[00001208][00408251][ERROR][no_bootable_image] Enter recovery mode
[00001209][00408260][INFO][none] Recovery retry delay: 2000 ms
[00001210][00410252][INFO][none] Recovery media detected
[00001211][00410261][INFO][none] State transition: RECOVERY -> MANIFEST_PARSE
[00001212][00410272][WARN][manifest_parse] Manifest not ready
[00001213][00410282][INFO][none] State transition: MANIFEST_PARSE -> ARBITRATE
[00001214][00410291][ERROR][no_bootable_image] Enter recovery mode
[00001215][00410302][INFO][none] Recovery retry delay: 2000 ms
[00001216][00412292][INFO][none] Recovery media detected
[00001217][00412301][INFO][none] State transition: RECOVERY -> MANIFEST_PARSE
[00001218][00412312][WARN][manifest_parse] Manifest not ready
[00001219][00412322][INFO][none] State transition: MANIFEST_PARSE -> ARBITRATE
[00001220][00412331][ERROR][no_bootable_image] Enter recovery mode
[00001221][00412341][INFO][none] Recovery retry delay: 2000 ms
[00001222][00414332][INFO][none] Recovery media detected
[00001223][00414341][INFO][none] State transition: RECOVERY -> MANIFEST_PARSE
[00001224][00414353][WARN][manifest_parse] Manifest not ready
[00001225][00414362][INFO][none] State transition: MANIFEST_PARSE -> ARBITRATE
[00001226][00414372][ERROR][no_bootable_image] Enter recovery mode
[00001227][00414381][INFO][none] Recovery retry delay: 2000 ms
[00001228][00416373][INFO][none] Recovery media detected
[00001229][00416382][INFO][none] State transition: RECOVERY -> MANIFEST_PARSE
[00001230][00416394][WARN][manifest_parse] Manifest not ready
[00001231][00416403][INFO][none] State transition: MANIFEST_PARSE -> ARBITRATE
[00001232][00416413][ERROR][no_bootable_image] Enter recovery mode
[00001233][00416422][INFO][none] Recovery retry delay: 2000 ms
[00001234][00418414][INFO][none] Recovery media detected
[00001235][00418423][INFO][none] State transition: RECOVERY -> MANIFEST_PARSE
[00001236][00418434][WARN][manifest_parse] Manifest not ready
[00001237][00418444][INFO][none] State transition: MANIFEST_PARSE -> ARBITRATE
[00001238][00418454][ERROR][no_bootable_image] Enter recovery mode
[00001239][00418464][INFO][none] Recovery retry delay: 2000 ms
[00001240][00420455][INFO][none] Recovery media detected
[00001241][00420464][INFO][none] State transition: RECOVERY -> MANIFEST_PARSE
[00001242][00420475][WARN][manifest_parse] Manifest not ready
[00001243][00420485][INFO][none] State transition: MANIFEST_PARSE -> ARBITRATE
[00001244][00420494][ERROR][no_bootable_image] Enter recovery mode
[00001245][00420505][INFO][none] Recovery retry delay: 2000 ms
[00001246][00422495][INFO][none] Recovery media detected
[00001247][00422504][INFO][none] State transition: RECOVERY -> MANIFEST_PARSE
[00001248][00422515][WARN][manifest_parse] Manifest not ready
[00001249][00422524][INFO][none] State transition: MANIFEST_PARSE -> ARBITRATE
[00001250][00422534][ERROR][no_bootable_image] Enter recovery mode
[00001251][00422543][INFO][none] Recovery retry delay: 2000 ms
[00001252][00424535][INFO][none] Recovery media detected
[00001253][00424544][INFO][none] State transition: RECOVERY -> MANIFEST_PARSE
[00001254][00424555][WARN][manifest_parse] Manifest not ready
[00001255][00424564][INFO][none] State transition: MANIFEST_PARSE -> ARBITRATE
[00001256][00424574][ERROR][no_bootable_image] Enter recovery mode
[00001257][00424583][INFO][none] Recovery retry delay: 2000 ms
[00001258][00426575][INFO][none] Recovery media detected
[00001259][00426584][INFO][none] State transition: RECOVERY -> MANIFEST_PARSE
[00001260][00426596][WARN][manifest_parse] Manifest not ready
[00001261][00426605][INFO][none] State transition: MANIFEST_PARSE -> ARBITRATE
[00001262][00426615][ERROR][no_bootable_image] Enter recovery mode
[00001263][00426624][INFO][none] Recovery retry delay: 2000 ms
[00001264][00428616][INFO][none] Recovery media detected
[00001265][00428625][INFO][none] State transition: RECOVERY -> MANIFEST_PARSE
[00001266][00428636][WARN][manifest_parse] Manifest not ready
[00001267][00428646][INFO][none] State transition: MANIFEST_PARSE -> ARBITRATE
[00001268][00428656][ERROR][no_bootable_image] Enter recovery mode
[00001269][00428666][INFO][none] Recovery retry delay: 2000 ms
[00001270][00430657][INFO][none] Recovery media detected
[00001271][00430666][INFO][none] State transition: RECOVERY -> MANIFEST_PARSE
[00001272][00430677][WARN][manifest_parse] Manifest not ready
[00001273][00430687][INFO][none] State transition: MANIFEST_PARSE -> ARBITRATE
[00001274][00430696][ERROR][no_bootable_image] Enter recovery mode
[00001275][00430707][INFO][none] Recovery retry delay: 2000 ms
[00001276][00432697][INFO][none] Recovery media detected
[00001277][00432706][INFO][none] State transition: RECOVERY -> MANIFEST_PARSE
[00001278][00432717][WARN][manifest_parse] Manifest not ready
[00001279][00432727][INFO][none] State transition: MANIFEST_PARSE -> ARBITRATE
[00001280][00432736][ERROR][no_bootable_image] Enter recovery mode
[00001281][00432746][INFO][none] Recovery retry delay: 2000 ms
[00001282][00434737][INFO][none] Recovery media detected
[00001283][00434746][INFO][none] State transition: RECOVERY -> MANIFEST_PARSE
[00001284][00434757][WARN][manifest_parse] Manifest not ready
[00001285][00434766][INFO][none] State transition: MANIFEST_PARSE -> ARBITRATE
[00001286][00434776][ERROR][no_bootable_image] Enter recovery mode
[00001287][00434786][INFO][none] Recovery retry delay: 2000 ms
[00001288][00436777][INFO][none] Recovery media detected
[00001289][00436786][INFO][none] State transition: RECOVERY -> MANIFEST_PARSE
[00001290][00436798][WARN][manifest_parse] Manifest not ready
[00001291][00436807][INFO][none] State transition: MANIFEST_PARSE -> ARBITRATE
[00001292][00436817][ERROR][no_bootable_image] Enter recovery mode
[00001293][00436826][INFO][none] Recovery retry delay: 2000 ms
[00001294][00438818][INFO][none] Recovery media detected
[00001295][00438827][INFO][none] State transition: RECOVERY -> MANIFEST_PARSE
[00001296][00438838][WARN][manifest_parse] Manifest not ready
[00001297][00438848][INFO][none] State transition: MANIFEST_PARSE -> ARBITRATE
[00001298][00438858][ERROR][no_bootable_image] Enter recovery mode
[00001299][00438867][INFO][none] Recovery retry delay: 2000 ms
[00001300][00440859][INFO][none] Recovery media detected
[00001301][00440868][INFO][none] State transition: RECOVERY -> MANIFEST_PARSE
[00001302][00440879][WARN][manifest_parse] Manifest not ready
[00001303][00440889][INFO][none] State transition: MANIFEST_PARSE -> ARBITRATE
[00001304][00440898][ERROR][no_bootable_image] Enter recovery mode
[00001305][00440908][INFO][none] Recovery retry delay: 2000 ms
[00001306][00442899][INFO][none] Recovery media detected
[00001307][00442908][INFO][none] State transition: RECOVERY -> MANIFEST_PARSE
[00001308][00442919][WARN][manifest_parse] Manifest not ready
[00001309][00442928][INFO][none] State transition: MANIFEST_PARSE -> ARBITRATE
[00001310][00442938][ERROR][no_bootable_image] Enter recovery mode
[00001311][00442947][INFO][none] Recovery retry delay: 2000 ms
[00001312][00444939][INFO][none] Recovery media detected
[00001313][00444948][INFO][none] State transition: RECOVERY -> MANIFEST_PARSE
[00001314][00444959][WARN][manifest_parse] Manifest not ready
[00001315][00444968][INFO][none] State transition: MANIFEST_PARSE -> ARBITRATE
[00001316][00444978][ERROR][no_bootable_image] Enter recovery mode
[00001317][00444987][INFO][none] Recovery retry delay: 2000 ms
[00001318][00446979][INFO][none] Recovery media detected
[00001319][00446988][INFO][none] State transition: RECOVERY -> MANIFEST_PARSE
[00001320][00447000][WARN][manifest_parse] Manifest not ready
[00001321][00447009][INFO][none] State transition: MANIFEST_PARSE -> ARBITRATE
[00001322][00447019][ERROR][no_bootable_image] Enter recovery mode
[00001323][00447028][INFO][none] Recovery retry delay: 2000 ms
[00001324][00449020][INFO][none] Recovery media detected
[00001325][00449029][INFO][none] State transition: RECOVERY -> MANIFEST_PARSE
[00001326][00449040][WARN][manifest_parse] Manifest not ready
[00001327][00449050][INFO][none] State transition: MANIFEST_PARSE -> ARBITRATE
[00001328][00449060][ERROR][no_bootable_image] Enter recovery mode
[00001329][00449070][INFO][none] Recovery retry delay: 2000 ms
[00001330][00451061][INFO][none] Recovery media detected
[00001331][00451070][INFO][none] State transition: RECOVERY -> MANIFEST_PARSE
[00001332][00451081][WARN][manifest_parse] Manifest not ready
[00001333][00451091][INFO][none] State transition: MANIFEST_PARSE -> ARBITRATE
[00001334][00451101][ERROR][no_bootable_image] Enter recovery mode
[00001335][00451110][INFO][none] Recovery retry delay: 2000 ms
[00001336][00453102][INFO][none] Recovery media detected
[00001337][00453111][INFO][none] State transition: RECOVERY -> MANIFEST_PARSE
[00001338][00453122][WARN][manifest_parse] Manifest not ready
[00001339][00453132][INFO][none] State transition: MANIFEST_PARSE -> ARBITRATE
[00001340][00453141][ERROR][no_bootable_image] Enter recovery mode
[00001341][00453151][INFO][none] Recovery retry delay: 2000 ms
[00001342][00455142][INFO][none] Recovery media detected
[00001343][00455151][INFO][none] State transition: RECOVERY -> MANIFEST_PARSE
[00001344][00455162][WARN][manifest_parse] Manifest not ready
[00001345][00455172][INFO][none] State transition: MANIFEST_PARSE -> ARBITRATE
[00001346][00455181][ERROR][no_bootable_image] Enter recovery mode
[00001347][00455191][INFO][none] Recovery retry delay: 2000 ms
[00001348][00457182][INFO][none] Recovery media detected
[00001349][00457191][INFO][none] State transition: RECOVERY -> MANIFEST_PARSE
[00001350][00457203][WARN][manifest_parse] Manifest not ready
[00001351][00457212][INFO][none] State transition: MANIFEST_PARSE -> ARBITRATE
[00001352][00457222][ERROR][no_bootable_image] Enter recovery mode
[00001353][00457231][INFO][none] Recovery retry delay: 2000 ms
[00001354][00459223][INFO][none] Recovery media detected
[00001355][00459232][INFO][none] State transition: RECOVERY -> MANIFEST_PARSE
[00001356][00459243][WARN][manifest_parse] Manifest not ready
[00001357][00459253][INFO][none] State transition: MANIFEST_PARSE -> ARBITRATE
[00001358][00459263][ERROR][no_bootable_image] Enter recovery mode
[00001359][00459272][INFO][none] Recovery retry delay: 2000 ms
[00001360][00461264][INFO][none] Recovery media detected
[00001361][00461273][INFO][none] State transition: RECOVERY -> MANIFEST_PARSE
[00001362][00461284][WARN][manifest_parse] Manifest not ready
[00001363][00461294][INFO][none] State transition: MANIFEST_PARSE -> ARBITRATE
[00001364][00461304][ERROR][no_bootable_image] Enter recovery mode
[00001365][00461313][INFO][none] Recovery retry delay: 2000 ms
[00001366][00463305][INFO][none] Recovery media detected
[00001367][00463314][INFO][none] State transition: RECOVERY -> MANIFEST_PARSE
[00001368][00463325][WARN][manifest_parse] Manifest not ready
[00001369][00463335][INFO][none] State transition: MANIFEST_PARSE -> ARBITRATE
[00001370][00463344][ERROR][no_bootable_image] Enter recovery mode
[00001371][00463353][INFO][none] Recovery retry delay: 2000 ms
[00001372][00465345][INFO][none] Recovery media detected
[00001373][00465354][INFO][none] State transition: RECOVERY -> MANIFEST_PARSE
[00001374][00465365][WARN][manifest_parse] Manifest not ready
[00001375][00465375][INFO][none] State transition: MANIFEST_PARSE -> ARBITRATE
[00001376][00465384][ERROR][no_bootable_image] Enter recovery mode
[00001377][00465393][INFO][none] Recovery retry delay: 2000 ms
[00001378][00467385][INFO][none] Recovery media detected
[00001379][00467394][INFO][none] State transition: RECOVERY -> MANIFEST_PARSE
[00001380][00467406][WARN][manifest_parse] Manifest not ready
[00001381][00467415][INFO][none] State transition: MANIFEST_PARSE -> ARBITRATE
[00001382][00467425][ERROR][no_bootable_image] Enter recovery mode
[00001383][00467434][INFO][none] Recovery retry delay: 2000 ms
[00001384][00469426][INFO][none] Recovery media detected
[00001385][00469435][INFO][none] State transition: RECOVERY -> MANIFEST_PARSE
[00001386][00469446][WARN][manifest_parse] Manifest not ready
[00001387][00469457][INFO][none] State transition: MANIFEST_PARSE -> ARBITRATE
[00001388][00469466][ERROR][no_bootable_image] Enter recovery mode
[00001389][00469476][INFO][none] Recovery retry delay: 2000 ms
[00001390][00471467][INFO][none] Recovery media detected
[00001391][00471476][INFO][none] State transition: RECOVERY -> MANIFEST_PARSE
[00001392][00471487][WARN][manifest_parse] Manifest not ready
[00001393][00471496][INFO][none] State transition: MANIFEST_PARSE -> ARBITRATE
[00001394][00471507][ERROR][no_bootable_image] Enter recovery mode
[00001395][00471516][INFO][none] Recovery retry delay: 2000 ms
[00001396][00473508][INFO][none] Recovery media detected
[00001397][00473517][INFO][none] State transition: RECOVERY -> MANIFEST_PARSE
[00001398][00473528][WARN][manifest_parse] Manifest not ready
[00001399][00473538][INFO][none] State transition: MANIFEST_PARSE -> ARBITRATE
[00001400][00473547][ERROR][no_bootable_image] Enter recovery mode
[00001401][00473557][INFO][none] Recovery retry delay: 2000 ms
[00001402][00475548][INFO][none] Recovery media detected
[00001403][00475557][INFO][none] State transition: RECOVERY -> MANIFEST_PARSE
[00001404][00475568][WARN][manifest_parse] Manifest not ready
[00001405][00475578][INFO][none] State transition: MANIFEST_PARSE -> ARBITRATE
[00001406][00475587][ERROR][no_bootable_image] Enter recovery mode
[00001407][00475597][INFO][none] Recovery retry delay: 2000 ms
[00001408][00477588][INFO][none] Recovery media detected
[00001409][00477597][INFO][none] State transition: RECOVERY -> MANIFEST_PARSE
[00001410][00477609][WARN][manifest_parse] Manifest not ready
[00001411][00477618][INFO][none] State transition: MANIFEST_PARSE -> ARBITRATE
[00001412][00477628][ERROR][no_bootable_image] Enter recovery mode
[00001413][00477637][INFO][none] Recovery retry delay: 2000 ms
[00001414][00479629][INFO][none] Recovery media detected
[00001415][00479638][INFO][none] State transition: RECOVERY -> MANIFEST_PARSE
[00001416][00479649][WARN][manifest_parse] Manifest not ready
[00001417][00479659][INFO][none] State transition: MANIFEST_PARSE -> ARBITRATE
[00001418][00479669][ERROR][no_bootable_image] Enter recovery mode
[00001419][00479679][INFO][none] Recovery retry delay: 2000 ms
[00001420][00481670][INFO][none] Recovery media detected
[00001421][00481679][INFO][none] State transition: RECOVERY -> MANIFEST_PARSE
[00001422][00481690][WARN][manifest_parse] Manifest not ready
[00001423][00481700][INFO][none] State transition: MANIFEST_PARSE -> ARBITRATE
[00001424][00481710][ERROR][no_bootable_image] Enter recovery mode
[00001425][00481719][INFO][none] Recovery retry delay: 2000 ms
[00001426][00483711][INFO][none] Recovery media detected
[00001427][00483720][INFO][none] State transition: RECOVERY -> MANIFEST_PARSE
[00001428][00483731][WARN][manifest_parse] Manifest not ready
[00001429][00483740][INFO][none] State transition: MANIFEST_PARSE -> ARBITRATE
[00001430][00483750][ERROR][no_bootable_image] Enter recovery mode
[00001431][00483762][INFO][none] Recovery retry delay: 2000 ms
[00001432][00485751][INFO][none] Recovery media detected
[00001433][00485760][INFO][none] State transition: RECOVERY -> MANIFEST_PARSE
[00001434][00485771][WARN][manifest_parse] Manifest not ready
[00001435][00485780][INFO][none] State transition: MANIFEST_PARSE -> ARBITRATE
[00001436][00485790][ERROR][no_bootable_image] Enter recovery mode
[00001437][00485799][INFO][none] Recovery retry delay: 2000 ms
[00001438][00487791][INFO][none] Recovery media detected
[00001439][00487800][INFO][none] State transition: RECOVERY -> MANIFEST_PARSE
[00001440][00487812][WARN][manifest_parse] Manifest not ready
[00001441][00487821][INFO][none] State transition: MANIFEST_PARSE -> ARBITRATE
[00001442][00487831][ERROR][no_bootable_image] Enter recovery mode
[00001443][00487840][INFO][none] Recovery retry delay: 2000 ms
[00001444][00489832][INFO][none] Recovery media detected
[00001445][00489841][INFO][none] State transition: RECOVERY -> MANIFEST_PARSE
[00001446][00489853][WARN][manifest_parse] Manifest not ready
[00001447][00489862][INFO][none] State transition: MANIFEST_PARSE -> ARBITRATE
[00001448][00489872][ERROR][no_bootable_image] Enter recovery mode
[00001449][00489881][INFO][none] Recovery retry delay: 2000 ms
[00001450][00491873][INFO][none] Recovery media detected
[00001451][00491882][INFO][none] State transition: RECOVERY -> MANIFEST_PARSE
[00001452][00491893][WARN][manifest_parse] Manifest not ready
[00001453][00491903][INFO][none] State transition: MANIFEST_PARSE -> ARBITRATE
[00001454][00491913][ERROR][no_bootable_image] Enter recovery mode
[00001455][00491922][INFO][none] Recovery retry delay: 2000 ms
[00001456][00493914][INFO][none] Recovery media detected
[00001457][00493923][INFO][none] State transition: RECOVERY -> MANIFEST_PARSE
[00001458][00493934][WARN][manifest_parse] Manifest not ready
[00001459][00493943][INFO][none] State transition: MANIFEST_PARSE -> ARBITRATE
[00001460][00493953][ERROR][no_bootable_image] Enter recovery mode
[00001461][00493963][INFO][none] Recovery retry delay: 2000 ms
[00001462][00495954][INFO][none] Recovery media detected
[00001463][00495963][INFO][none] State transition: RECOVERY -> MANIFEST_PARSE
[00001464][00495974][WARN][manifest_parse] Manifest not ready
[00001465][00495984][INFO][none] State transition: MANIFEST_PARSE -> ARBITRATE
[00001466][00495993][ERROR][no_bootable_image] Enter recovery mode
[00001467][00496003][INFO][none] Recovery retry delay: 2000 ms
[00001468][00497994][INFO][none] Recovery media detected
[00001469][00498003][INFO][none] State transition: RECOVERY -> MANIFEST_PARSE
[00001470][00498015][WARN][manifest_parse] Manifest not ready
[00001471][00498024][INFO][none] State transition: MANIFEST_PARSE -> ARBITRATE
[00001472][00498034][ERROR][no_bootable_image] Enter recovery mode
[00001473][00498044][INFO][none] Recovery retry delay: 2000 ms
[00001474][00500035][INFO][none] Recovery media detected
[00001475][00500044][INFO][none] State transition: RECOVERY -> MANIFEST_PARSE
[00001476][00500056][WARN][manifest_parse] Manifest not ready
[00001477][00500065][INFO][none] State transition: MANIFEST_PARSE -> ARBITRATE
[00001478][00500075][ERROR][no_bootable_image] Enter recovery mode
[00001479][00500085][INFO][none] Recovery retry delay: 2000 ms
[00001480][00502076][INFO][none] Recovery media detected
[00001481][00502085][INFO][none] State transition: RECOVERY -> MANIFEST_PARSE
[00001482][00502096][WARN][manifest_parse] Manifest not ready
[00001483][00502106][INFO][none] State transition: MANIFEST_PARSE -> ARBITRATE
[00001484][00502116][ERROR][no_bootable_image] Enter recovery mode
[00001485][00502125][INFO][none] Recovery retry delay: 2000 ms
[00001486][00504117][INFO][none] Recovery media detected
[00001487][00504126][INFO][none] State transition: RECOVERY -> MANIFEST_PARSE
[00001488][00504137][WARN][manifest_parse] Manifest not ready
[00001489][00504146][INFO][none] State transition: MANIFEST_PARSE -> ARBITRATE
[00001490][00504156][ERROR][no_bootable_image] Enter recovery mode
[00001491][00504168][INFO][none] Recovery retry delay: 2000 ms
[00001492][00506157][INFO][none] Recovery media detected
[00001493][00506166][INFO][none] State transition: RECOVERY -> MANIFEST_PARSE
[00001494][00506177][WARN][manifest_parse] Manifest not ready
[00001495][00506186][INFO][none] State transition: MANIFEST_PARSE -> ARBITRATE
[00001496][00506196][ERROR][no_bootable_image] Enter recovery mode
[00001497][00506205][INFO][none] Recovery retry delay: 2000 ms
[00001498][00508197][INFO][none] Recovery media detected
[00001499][00508206][INFO][none] State transition: RECOVERY -> MANIFEST_PARSE
[00001500][00508218][WARN][manifest_parse] Manifest not ready
[00001501][00508227][INFO][none] State transition: MANIFEST_PARSE -> ARBITRATE
[00001502][00508237][ERROR][no_bootable_image] Enter recovery mode
[00001503][00508246][INFO][none] Recovery retry delay: 2000 ms
[00001504][00510238][INFO][none] Recovery media detected
[00001505][00510247][INFO][none] State transition: RECOVERY -> MANIFEST_PARSE
[00001506][00510259][WARN][manifest_parse] Manifest not ready
[00001507][00510268][INFO][none] State transition: MANIFEST_PARSE -> ARBITRATE
[00001508][00510278][ERROR][no_bootable_image] Enter recovery mode
[00001509][00510287][INFO][none] Recovery retry delay: 2000 ms
[00001510][00512279][INFO][none] Recovery media detected
[00001511][00512288][INFO][none] State transition: RECOVERY -> MANIFEST_PARSE
[00001512][00512299][WARN][manifest_parse] Manifest not ready
[00001513][00512309][INFO][none] State transition: MANIFEST_PARSE -> ARBITRATE
[00001514][00512319][ERROR][no_bootable_image] Enter recovery mode
[00001515][00512329][INFO][none] Recovery retry delay: 2000 ms
[00001516][00514320][INFO][none] Recovery media detected
[00001517][00514329][INFO][none] State transition: RECOVERY -> MANIFEST_PARSE
[00001518][00514340][WARN][manifest_parse] Manifest not ready
[00001519][00514350][INFO][none] State transition: MANIFEST_PARSE -> ARBITRATE
[00001520][00514359][ERROR][no_bootable_image] Enter recovery mode
[00001521][00514370][INFO][none] Recovery retry delay: 2000 ms
[00001522][00516360][INFO][none] Recovery media detected
[00001523][00516369][INFO][none] State transition: RECOVERY -> MANIFEST_PARSE
[00001524][00516380][WARN][manifest_parse] Manifest not ready
[00001525][00516390][INFO][none] State transition: MANIFEST_PARSE -> ARBITRATE
[00001526][00516399][ERROR][no_bootable_image] Enter recovery mode
[00001527][00516409][INFO][none] Recovery retry delay: 2000 ms
[00001528][00518400][INFO][none] Recovery media detected
[00001529][00518409][INFO][none] State transition: RECOVERY -> MANIFEST_PARSE
[00001530][00518420][WARN][manifest_parse] Manifest not ready
[00001531][00518429][INFO][none] State transition: MANIFEST_PARSE -> ARBITRATE
[00001532][00518439][ERROR][no_bootable_image] Enter recovery mode
[00001533][00518449][INFO][none] Recovery retry delay: 2000 ms
[00001534][00520440][INFO][none] Recovery media detected
[00001535][00520449][INFO][none] State transition: RECOVERY -> MANIFEST_PARSE
[00001536][00520461][WARN][manifest_parse] Manifest not ready
[00001537][00520470][INFO][none] State transition: MANIFEST_PARSE -> ARBITRATE
[00001538][00520480][ERROR][no_bootable_image] Enter recovery mode
[00001539][00520489][INFO][none] Recovery retry delay: 2000 ms
[00001540][00522481][INFO][none] Recovery media detected
[00001541][00522490][INFO][none] State transition: RECOVERY -> MANIFEST_PARSE
[00001542][00522501][WARN][manifest_parse] Manifest not ready
[00001543][00522511][INFO][none] State transition: MANIFEST_PARSE -> ARBITRATE
[00001544][00522521][ERROR][no_bootable_image] Enter recovery mode
[00001545][00522530][INFO][none] Recovery retry delay: 2000 ms
[00001546][00524522][INFO][none] Recovery media detected
[00001547][00524531][INFO][none] State transition: RECOVERY -> MANIFEST_PARSE
[00001548][00524542][WARN][manifest_parse] Manifest not ready
[00001549][00524551][INFO][none] State transition: MANIFEST_PARSE -> ARBITRATE
[00001550][00524561][ERROR][no_bootable_image] Enter recovery mode
[00001551][00524573][INFO][none] Recovery retry delay: 2000 ms
[00001552][00526562][INFO][none] Recovery media detected
[00001553][00526571][INFO][none] State transition: RECOVERY -> MANIFEST_PARSE
[00001554][00526582][WARN][manifest_parse] Manifest not ready
[00001555][00526591][INFO][none] State transition: MANIFEST_PARSE -> ARBITRATE
[00001556][00526601][ERROR][no_bootable_image] Enter recovery mode
[00001557][00526610][INFO][none] Recovery retry delay: 2000 ms
[00001558][00528602][INFO][none] Recovery media detected
[00001559][00528611][INFO][none] State transition: RECOVERY -> MANIFEST_PARSE
[00001560][00528622][WARN][manifest_parse] Manifest not ready
[00001561][00528632][INFO][none] State transition: MANIFEST_PARSE -> ARBITRATE
[00001562][00528641][ERROR][no_bootable_image] Enter recovery mode
[00001563][00528651][INFO][none] Recovery retry delay: 2000 ms
[00001564][00530642][INFO][none] Recovery media detected
[00001565][00530651][INFO][none] State transition: RECOVERY -> MANIFEST_PARSE
[00001566][00530663][WARN][manifest_parse] Manifest not ready
[00001567][00530672][INFO][none] State transition: MANIFEST_PARSE -> ARBITRATE
[00001568][00530682][ERROR][no_bootable_image] Enter recovery mode
[00001569][00530691][INFO][none] Recovery retry delay: 2000 ms
[00001570][00532683][INFO][none] Recovery media detected
[00001571][00532692][INFO][none] State transition: RECOVERY -> MANIFEST_PARSE
[00001572][00532703][WARN][manifest_parse] Manifest not ready
[00001573][00532713][INFO][none] State transition: MANIFEST_PARSE -> ARBITRATE
[00001574][00532723][ERROR][no_bootable_image] Enter recovery mode
[00001575][00532732][INFO][none] Recovery retry delay: 2000 ms
[00001576][00534724][INFO][none] Recovery media detected
[00001577][00534733][INFO][none] State transition: RECOVERY -> MANIFEST_PARSE
[00001578][00534744][WARN][manifest_parse] Manifest not ready
[00001579][00534753][INFO][none] State transition: MANIFEST_PARSE -> ARBITRATE
[00001580][00534764][ERROR][no_bootable_image] Enter recovery mode
[00001581][00534773][INFO][none] Recovery retry delay: 2000 ms
[00001582][00536765][INFO][none] Recovery media detected
[00001583][00536774][INFO][none] State transition: RECOVERY -> MANIFEST_PARSE
[00001584][00536785][WARN][manifest_parse] Manifest not ready
[00001585][00536794][INFO][none] State transition: MANIFEST_PARSE -> ARBITRATE
[00001586][00536804][ERROR][no_bootable_image] Enter recovery mode
[00001587][00536814][INFO][none] Recovery retry delay: 2000 ms
[00001588][00538805][INFO][none] Recovery media detected
[00001589][00538814][INFO][none] State transition: RECOVERY -> MANIFEST_PARSE
[00001590][00538825][WARN][manifest_parse] Manifest not ready
[00001591][00538835][INFO][none] State transition: MANIFEST_PARSE -> ARBITRATE
[00001592][00538844][ERROR][no_bootable_image] Enter recovery mode
[00001593][00538854][INFO][none] Recovery retry delay: 2000 ms
[00001594][00540845][INFO][none] Recovery media detected
[00001595][00540854][INFO][none] State transition: RECOVERY -> MANIFEST_PARSE
[00001596][00540866][WARN][manifest_parse] Manifest not ready
[00001597][00540875][INFO][none] State transition: MANIFEST_PARSE -> ARBITRATE
[00001598][00540885][ERROR][no_bootable_image] Enter recovery mode
[00001599][00540894][INFO][none] Recovery retry delay: 2000 ms
[00001600][00542886][INFO][none] Recovery media detected
[00001601][00542895][INFO][none] State transition: RECOVERY -> MANIFEST_PARSE
[00001602][00542906][WARN][manifest_parse] Manifest not ready
[00001603][00542916][INFO][none] State transition: MANIFEST_PARSE -> ARBITRATE
[00001604][00542926][ERROR][no_bootable_image] Enter recovery mode
[00001605][00542935][INFO][none] Recovery retry delay: 2000 ms
[00001606][00544927][INFO][none] Recovery media detected
[00001607][00544936][INFO][none] State transition: RECOVERY -> MANIFEST_PARSE
[00001608][00544947][WARN][manifest_parse] Manifest not ready
[00001609][00544956][INFO][none] State transition: MANIFEST_PARSE -> ARBITRATE
[00001610][00544969][ERROR][no_bootable_image] Enter recovery mode
[00001611][00544980][INFO][none] Recovery retry delay: 2000 ms
[00001612][00546970][INFO][none] Recovery media detected
[00001613][00546979][INFO][none] State transition: RECOVERY -> MANIFEST_PARSE
[00001614][00546990][WARN][manifest_parse] Manifest not ready
[00001615][00546999][INFO][none] State transition: MANIFEST_PARSE -> ARBITRATE
[00001616][00547009][ERROR][no_bootable_image] Enter recovery mode
[00001617][00547018][INFO][none] Recovery retry delay: 2000 ms
[00001618][00549010][INFO][none] Recovery media detected
[00001619][00549019][INFO][none] State transition: RECOVERY -> MANIFEST_PARSE
[00001620][00549030][WARN][manifest_parse] Manifest not ready
[00001621][00549040][INFO][none] State transition: MANIFEST_PARSE -> ARBITRATE
[00001622][00549049][ERROR][no_bootable_image] Enter recovery mode
[00001623][00549059][INFO][none] Recovery retry delay: 2000 ms
[00001624][00551050][INFO][none] Recovery media detected
[00001625][00551059][INFO][none] State transition: RECOVERY -> MANIFEST_PARSE
[00001626][00551071][WARN][manifest_parse] Manifest not ready
[00001627][00551081][INFO][none] State transition: MANIFEST_PARSE -> ARBITRATE
[00001628][00551090][ERROR][no_bootable_image] Enter recovery mode
[00001629][00551100][INFO][none] Recovery retry delay: 2000 ms
[00001630][00553091][INFO][none] Recovery media detected
[00001631][00553100][INFO][none] State transition: RECOVERY -> MANIFEST_PARSE
[00001632][00553111][WARN][manifest_parse] Manifest not ready
[00001633][00553121][INFO][none] State transition: MANIFEST_PARSE -> ARBITRATE
[00001634][00553131][ERROR][no_bootable_image] Enter recovery mode
[00001635][00553140][INFO][none] Recovery retry delay: 2000 ms
[00001636][00555132][INFO][none] Recovery media detected
[00001637][00555141][INFO][none] State transition: RECOVERY -> MANIFEST_PARSE
[00001638][00555152][WARN][manifest_parse] Manifest not ready
[00001639][00555162][INFO][none] State transition: MANIFEST_PARSE -> ARBITRATE
[00001640][00555172][ERROR][no_bootable_image] Enter recovery mode
[00001641][00555181][INFO][none] Recovery retry delay: 2000 ms
[00001642][00557173][INFO][none] Recovery media detected
[00001643][00557182][INFO][none] State transition: RECOVERY -> MANIFEST_PARSE
[00001644][00557193][WARN][manifest_parse] Manifest not ready
[00001645][00557203][INFO][none] State transition: MANIFEST_PARSE -> ARBITRATE
[00001646][00557212][ERROR][no_bootable_image] Enter recovery mode
[00001647][00557222][INFO][none] Recovery retry delay: 2000 ms
[00001648][00559213][INFO][none] Recovery media detected
[00001649][00559222][INFO][none] State transition: RECOVERY -> MANIFEST_PARSE
[00001650][00559233][WARN][manifest_parse] Manifest not ready
[00001651][00559243][INFO][none] State transition: MANIFEST_PARSE -> ARBITRATE
[00001652][00559252][ERROR][no_bootable_image] Enter recovery mode
[00001653][00559262][INFO][none] Recovery retry delay: 2000 ms
[00001654][00561253][INFO][none] Recovery media detected
[00001655][00561262][INFO][none] State transition: RECOVERY -> MANIFEST_PARSE
[00001656][00561274][WARN][manifest_parse] Manifest not ready
[00001657][00561283][INFO][none] State transition: MANIFEST_PARSE -> ARBITRATE
[00001658][00561293][ERROR][no_bootable_image] Enter recovery mode
[00001659][00561302][INFO][none] Recovery retry delay: 2000 ms
[00001660][00563294][INFO][none] Recovery media detected
[00001661][00563303][INFO][none] State transition: RECOVERY -> MANIFEST_PARSE
[00001662][00563314][WARN][manifest_parse] Manifest not ready
[00001663][00563325][INFO][none] State transition: MANIFEST_PARSE -> ARBITRATE
[00001664][00563334][ERROR][no_bootable_image] Enter recovery mode
[00001665][00563344][INFO][none] Recovery retry delay: 2000 ms
[00001666][00565335][INFO][none] Recovery media detected
[00001667][00565344][INFO][none] State transition: RECOVERY -> MANIFEST_PARSE
[00001668][00565355][WARN][manifest_parse] Manifest not ready
[00001669][00565364][INFO][none] State transition: MANIFEST_PARSE -> ARBITRATE
[00001670][00565377][ERROR][no_bootable_image] Enter recovery mode
[00001671][00565388][INFO][none] Recovery retry delay: 2000 ms
[00001672][00567378][INFO][none] Recovery media detected
[00001673][00567387][INFO][none] State transition: RECOVERY -> MANIFEST_PARSE
[00001674][00567398][WARN][manifest_parse] Manifest not ready
[00001675][00567407][INFO][none] State transition: MANIFEST_PARSE -> ARBITRATE
[00001676][00567417][ERROR][no_bootable_image] Enter recovery mode
[00001677][00567427][INFO][none] Recovery retry delay: 2000 ms
[00001678][00569418][INFO][none] Recovery media detected
[00001679][00569427][INFO][none] State transition: RECOVERY -> MANIFEST_PARSE
[00001680][00569438][WARN][manifest_parse] Manifest not ready
[00001681][00569448][INFO][none] State transition: MANIFEST_PARSE -> ARBITRATE
[00001682][00569458][ERROR][no_bootable_image] Enter recovery mode
[00001683][00569467][INFO][none] Recovery retry delay: 2000 ms
[00001684][00571459][INFO][none] Recovery media detected
[00001685][00571468][INFO][none] State transition: RECOVERY -> MANIFEST_PARSE
[00001686][00571480][WARN][manifest_parse] Manifest not ready
[00001687][00571490][INFO][none] State transition: MANIFEST_PARSE -> ARBITRATE
[00001688][00571499][ERROR][no_bootable_image] Enter recovery mode
[00001689][00571509][INFO][none] Recovery retry delay: 2000 ms
[00001690][00573500][INFO][none] Recovery media detected
[00001691][00573509][INFO][none] State transition: RECOVERY -> MANIFEST_PARSE
[00001692][00573521][WARN][manifest_parse] Manifest not ready
[00001693][00573530][INFO][none] State transition: MANIFEST_PARSE -> ARBITRATE
[00001694][00573540][ERROR][no_bootable_image] Enter recovery mode
[00001695][00573550][INFO][none] Recovery retry delay: 2000 ms
[00001696][00575541][INFO][none] Recovery media detected
[00001697][00575550][INFO][none] State transition: RECOVERY -> MANIFEST_PARSE
[00001698][00575561][WARN][manifest_parse] Manifest not ready
[00001699][00575571][INFO][none] State transition: MANIFEST_PARSE -> ARBITRATE
[00001700][00575581][ERROR][no_bootable_image] Enter recovery mode
[00001701][00575591][INFO][none] Recovery retry delay: 2000 ms
[00001702][00577582][INFO][none] Recovery media detected
[00001703][00577591][INFO][none] State transition: RECOVERY -> MANIFEST_PARSE
[00001704][00577602][WARN][manifest_parse] Manifest not ready
[00001705][00577612][INFO][none] State transition: MANIFEST_PARSE -> ARBITRATE
[00001706][00577621][ERROR][no_bootable_image] Enter recovery mode
[00001707][00577632][INFO][none] Recovery retry delay: 2000 ms
[00001708][00579622][INFO][none] Recovery media detected
[00001709][00579631][INFO][none] State transition: RECOVERY -> MANIFEST_PARSE
[00001710][00579642][WARN][manifest_parse] Manifest not ready
[00001711][00579652][INFO][none] State transition: MANIFEST_PARSE -> ARBITRATE
[00001712][00579661][ERROR][no_bootable_image] Enter recovery mode
[00001713][00579671][INFO][none] Recovery retry delay: 2000 ms
[00001714][00581662][INFO][none] Recovery media detected
[00001715][00581671][INFO][none] State transition: RECOVERY -> MANIFEST_PARSE
[00001716][00581683][WARN][manifest_parse] Manifest not ready
[00001717][00581692][INFO][none] State transition: MANIFEST_PARSE -> ARBITRATE
[00001718][00581702][ERROR][no_bootable_image] Enter recovery mode
[00001719][00581712][INFO][none] Recovery retry delay: 2000 ms
[00001720][00583703][INFO][none] Recovery media detected
[00001721][00583712][INFO][none] State transition: RECOVERY -> MANIFEST_PARSE
[00001722][00583724][WARN][manifest_parse] Manifest not ready
[00001723][00583733][INFO][none] State transition: MANIFEST_PARSE -> ARBITRATE
[00001724][00583743][ERROR][no_bootable_image] Enter recovery mode
[00001725][00583752][INFO][none] Recovery retry delay: 2000 ms
[00001726][00585744][INFO][none] Recovery media detected
[00001727][00585753][INFO][none] State transition: RECOVERY -> MANIFEST_PARSE
[00001728][00585764][WARN][manifest_parse] Manifest not ready
[00001729][00585774][INFO][none] State transition: MANIFEST_PARSE -> ARBITRATE
[00001730][00585786][ERROR][no_bootable_image] Enter recovery mode
[00001731][00585797][INFO][none] Recovery retry delay: 2000 ms
[00001732][00587787][INFO][none] Recovery media detected
[00001733][00587796][INFO][none] State transition: RECOVERY -> MANIFEST_PARSE
[00001734][00587807][WARN][manifest_parse] Manifest not ready
[00001735][00587816][INFO][none] State transition: MANIFEST_PARSE -> ARBITRATE
[00001736][00587826][ERROR][no_bootable_image] Enter recovery mode
[00001737][00587836][INFO][none] Recovery retry delay: 2000 ms
[00001738][00589827][INFO][none] Recovery media detected
[00001739][00589836][INFO][none] State transition: RECOVERY -> MANIFEST_PARSE
[00001740][00589847][WARN][manifest_parse] Manifest not ready
[00001741][00589857][INFO][none] State transition: MANIFEST_PARSE -> ARBITRATE
[00001742][00589867][ERROR][no_bootable_image] Enter recovery mode
[00001743][00589876][INFO][none] Recovery retry delay: 2000 ms
[00001744][00591868][INFO][none] Recovery media detected
[00001745][00591877][INFO][none] State transition: RECOVERY -> MANIFEST_PARSE
[00001746][00591889][WARN][manifest_parse] Manifest not ready
[00001747][00591899][INFO][none] State transition: MANIFEST_PARSE -> ARBITRATE
[00001748][00591908][ERROR][no_bootable_image] Enter recovery mode
[00001749][00591918][INFO][none] Recovery retry delay: 2000 ms
[00001750][00593909][INFO][none] Recovery media detected
[00001751][00593918][INFO][none] State transition: RECOVERY -> MANIFEST_PARSE
[00001752][00593930][WARN][manifest_parse] Manifest not ready
[00001753][00593940][INFO][none] State transition: MANIFEST_PARSE -> ARBITRATE
[00001754][00593949][ERROR][no_bootable_image] Enter recovery mode
[00001755][00593959][INFO][none] Recovery retry delay: 2000 ms
[00001756][00595950][INFO][none] Recovery media detected
[00001757][00595959][INFO][none] State transition: RECOVERY -> MANIFEST_PARSE
[00001758][00595970][WARN][manifest_parse] Manifest not ready
[00001759][00595980][INFO][none] State transition: MANIFEST_PARSE -> ARBITRATE
[00001760][00595990][ERROR][no_bootable_image] Enter recovery mode
[00001761][00596000][INFO][none] Recovery retry delay: 2000 ms
[00001762][00597991][INFO][none] Recovery media detected
[00001763][00598000][INFO][none] State transition: RECOVERY -> MANIFEST_PARSE
[00001764][00598011][WARN][manifest_parse] Manifest not ready
[00001765][00598021][INFO][none] State transition: MANIFEST_PARSE -> ARBITRATE
[00001766][00598030][ERROR][no_bootable_image] Enter recovery mode
[00001767][00598041][INFO][none] Recovery retry delay: 2000 ms
[00001768][00600031][INFO][none] Recovery media detected
[00001769][00600040][INFO][none] State transition: RECOVERY -> MANIFEST_PARSE
[00001770][00600051][WARN][manifest_parse] Manifest not ready
[00001771][00600061][INFO][none] State transition: MANIFEST_PARSE -> ARBITRATE
[00001772][00600070][ERROR][no_bootable_image] Enter recovery mode
[00001773][00600080][INFO][none] Recovery retry delay: 2000 ms
[00001774][00602071][INFO][none] Recovery media detected
[00001775][00602080][INFO][none] State transition: RECOVERY -> MANIFEST_PARSE
[00001776][00602091][WARN][manifest_parse] Manifest not ready
[00001777][00602101][INFO][none] State transition: MANIFEST_PARSE -> ARBITRATE
[00001778][00602110][ERROR][no_bootable_image] Enter recovery mode
[00001779][00602120][INFO][none] Recovery retry delay: 2000 ms
[00001780][00604111][INFO][none] Recovery media detected
[00001781][00604120][INFO][none] State transition: RECOVERY -> MANIFEST_PARSE
[00001782][00604132][WARN][manifest_parse] Manifest not ready
[00001783][00604141][INFO][none] State transition: MANIFEST_PARSE -> ARBITRATE
[00001784][00604151][ERROR][no_bootable_image] Enter recovery mode
[00001785][00604161][INFO][none] Recovery retry delay: 2000 ms
[00001786][00606152][INFO][none] Recovery media detected
[00001787][00606161][INFO][none] State transition: RECOVERY -> MANIFEST_PARSE
[00001788][00606172][WARN][manifest_parse] Manifest not ready
[00001789][00606184][INFO][none] State transition: MANIFEST_PARSE -> ARBITRATE
[00001790][00606196][ERROR][no_bootable_image] Enter recovery mode
[00001791][00606205][INFO][none] Recovery retry delay: 2000 ms
[00001792][00608197][INFO][none] Recovery media detected
[00001793][00608206][INFO][none] State transition: RECOVERY -> MANIFEST_PARSE
[00001794][00608217][WARN][manifest_parse] Manifest not ready
[00001795][00608227][INFO][none] State transition: MANIFEST_PARSE -> ARBITRATE
[00001796][00608236][ERROR][no_bootable_image] Enter recovery mode
[00001797][00608246][INFO][none] Recovery retry delay: 2000 ms
[00001798][00610237][INFO][none] Recovery media detected
[00001799][00610246][INFO][none] State transition: RECOVERY -> MANIFEST_PARSE
[00001800][00610257][WARN][manifest_parse] Manifest not ready
[00001801][00610267][INFO][none] State transition: MANIFEST_PARSE -> ARBITRATE
[00001802][00610277][ERROR][no_bootable_image] Enter recovery mode
[00001803][00610286][INFO][none] Recovery retry delay: 2000 ms
[00001804][00612278][INFO][none] Recovery media detected
[00001805][00612287][INFO][none] State transition: RECOVERY -> MANIFEST_PARSE
[00001806][00612298][WARN][manifest_parse] Manifest not ready
[00001807][00612308][INFO][none] State transition: MANIFEST_PARSE -> ARBITRATE
[00001808][00612318][ERROR][no_bootable_image] Enter recovery mode
[00001809][00612327][INFO][none] Recovery retry delay: 2000 ms
[00001810][00614319][INFO][none] Recovery media detected
[00001811][00614328][INFO][none] State transition: RECOVERY -> MANIFEST_PARSE
[00001812][00614340][WARN][manifest_parse] Manifest not ready
[00001813][00614350][INFO][none] State transition: MANIFEST_PARSE -> ARBITRATE
[00001814][00614359][ERROR][no_bootable_image] Enter recovery mode
[00001815][00614369][INFO][none] Recovery retry delay: 2000 ms
[00001816][00616360][INFO][none] Recovery media detected
[00001817][00616369][INFO][none] State transition: RECOVERY -> MANIFEST_PARSE
[00001818][00616380][WARN][manifest_parse] Manifest not ready
[00001819][00616390][INFO][none] State transition: MANIFEST_PARSE -> ARBITRATE
[00001820][00616400][ERROR][no_bootable_image] Enter recovery mode
[00001821][00616410][INFO][none] Recovery retry delay: 2000 ms
[00001822][00618401][INFO][none] Recovery media detected
[00001823][00618410][INFO][none] State transition: RECOVERY -> MANIFEST_PARSE
[00001824][00618421][WARN][manifest_parse] Manifest not ready
[00001825][00618431][INFO][none] State transition: MANIFEST_PARSE -> ARBITRATE
[00001826][00618440][ERROR][no_bootable_image] Enter recovery mode
[00001827][00618451][INFO][none] Recovery retry delay: 2000 ms
[00001828][00620441][INFO][none] Recovery media detected
[00001829][00620450][INFO][none] State transition: RECOVERY -> MANIFEST_PARSE
[00001830][00620461][WARN][manifest_parse] Manifest not ready
[00001831][00620471][INFO][none] State transition: MANIFEST_PARSE -> ARBITRATE
[00001832][00620480][ERROR][no_bootable_image] Enter recovery mode
[00001833][00620490][INFO][none] Recovery retry delay: 2000 ms
[00001834][00622481][INFO][none] Recovery media detected
[00001835][00622490][INFO][none] State transition: RECOVERY -> MANIFEST_PARSE
[00001836][00622501][WARN][manifest_parse] Manifest not ready
[00001837][00622511][INFO][none] State transition: MANIFEST_PARSE -> ARBITRATE
[00001838][00622520][ERROR][no_bootable_image] Enter recovery mode
[00001839][00622530][INFO][none] Recovery retry delay: 2000 ms
[00001840][00624521][INFO][none] Recovery media detected
[00001841][00624530][INFO][none] State transition: RECOVERY -> MANIFEST_PARSE
[00001842][00624542][WARN][manifest_parse] Manifest not ready
[00001843][00624551][INFO][none] State transition: MANIFEST_PARSE -> ARBITRATE
[00001844][00624561][ERROR][no_bootable_image] Enter recovery mode
[00001845][00624571][INFO][none] Recovery retry delay: 2000 ms
[00001846][00626562][INFO][none] Recovery media detected
[00001847][00626571][INFO][none] State transition: RECOVERY -> MANIFEST_PARSE
[00001848][00626582][WARN][manifest_parse] Manifest not ready
[00001849][00626594][INFO][none] State transition: MANIFEST_PARSE -> ARBITRATE
[00001850][00626606][ERROR][no_bootable_image] Enter recovery mode
[00001851][00626615][INFO][none] Recovery retry delay: 2000 ms
[00001852][00628607][INFO][none] Recovery media detected
[00001853][00628616][INFO][none] State transition: RECOVERY -> MANIFEST_PARSE
[00001854][00628627][WARN][manifest_parse] Manifest not ready
[00001855][00628637][INFO][none] State transition: MANIFEST_PARSE -> ARBITRATE
[00001856][00628647][ERROR][no_bootable_image] Enter recovery mode
[00001857][00628656][INFO][none] Recovery retry delay: 2000 ms
[00001858][00630648][INFO][none] Recovery media detected
[00001859][00630657][INFO][none] State transition: RECOVERY -> MANIFEST_PARSE
[00001860][00630668][WARN][manifest_parse] Manifest not ready
[00001861][00630678][INFO][none] State transition: MANIFEST_PARSE -> ARBITRATE
[00001862][00630687][ERROR][no_bootable_image] Enter recovery mode
[00001863][00630697][INFO][none] Recovery retry delay: 2000 ms
[00001864][00632688][INFO][none] Recovery media detected
[00001865][00632697][INFO][none] State transition: RECOVERY -> MANIFEST_PARSE
[00001866][00632708][WARN][manifest_parse] Manifest not ready
[00001867][00632718][INFO][none] State transition: MANIFEST_PARSE -> ARBITRATE
[00001868][00632727][ERROR][no_bootable_image] Enter recovery mode
[00001869][00632737][INFO][none] Recovery retry delay: 2000 ms
[00001870][00634728][INFO][none] Recovery media detected
[00001871][00634737][INFO][none] State transition: RECOVERY -> MANIFEST_PARSE
[00001872][00634749][WARN][manifest_parse] Manifest not ready
[00001873][00634758][INFO][none] State transition: MANIFEST_PARSE -> ARBITRATE
[00001874][00634768][ERROR][no_bootable_image] Enter recovery mode
[00001875][00634778][INFO][none] Recovery retry delay: 2000 ms
[00001876][00636769][INFO][none] Recovery media detected
[00001877][00636778][INFO][none] State transition: RECOVERY -> MANIFEST_PARSE
[00001878][00636789][WARN][manifest_parse] Manifest not ready
[00001879][00636799][INFO][none] State transition: MANIFEST_PARSE -> ARBITRATE
[00001880][00636809][ERROR][no_bootable_image] Enter recovery mode
[00001881][00636819][INFO][none] Recovery retry delay: 2000 ms
[00001882][00638810][INFO][none] Recovery media detected
[00001883][00638819][INFO][none] State transition: RECOVERY -> MANIFEST_PARSE
[00001884][00638830][WARN][manifest_parse] Manifest not ready
[00001885][00638840][INFO][none] State transition: MANIFEST_PARSE -> ARBITRATE
[00001886][00638850][ERROR][no_bootable_image] Enter recovery mode
[00001887][00638860][INFO][none] Recovery retry delay: 2000 ms
[00001888][00640851][INFO][none] Recovery media detected
[00001889][00640860][INFO][none] State transition: RECOVERY -> MANIFEST_PARSE
[00001890][00640871][WARN][manifest_parse] Manifest not ready
[00001891][00640881][INFO][none] State transition: MANIFEST_PARSE -> ARBITRATE
[00001892][00640890][ERROR][no_bootable_image] Enter recovery mode
[00001893][00640900][INFO][none] Recovery retry delay: 2000 ms
[00001894][00642891][INFO][none] Recovery media detected
[00001895][00642900][INFO][none] State transition: RECOVERY -> MANIFEST_PARSE
[00001896][00642911][WARN][manifest_parse] Manifest not ready
[00001897][00642921][INFO][none] State transition: MANIFEST_PARSE -> ARBITRATE
[00001898][00642931][ERROR][no_bootable_image] Enter recovery mode
[00001899][00642940][INFO][none] Recovery retry delay: 2000 ms
[00001900][00644932][INFO][none] Recovery media detected
[00001901][00644941][INFO][none] State transition: RECOVERY -> MANIFEST_PARSE
[00001902][00644953][WARN][manifest_parse] Manifest not ready
[00001903][00644962][INFO][none] State transition: MANIFEST_PARSE -> ARBITRATE
[00001904][00644972][ERROR][no_bootable_image] Enter recovery mode
[00001905][00644981][INFO][none] Recovery retry delay: 2000 ms
